fixture_id	pair	seed	mask_svg	mask_svg_sha256	mask_binary	mask_binary_sha256	width	height	positive_pixels	bbox	alpha_digest	derivation	status
S01-linear-oklab	linear/oklab	S01	/tmp/p1268/oracle_v3/masks/S01-linear-oklab.svg	62eab98f0da82e123b7a59aa42ca60bfb0eb814ef22851531c51ae11f832af83	/tmp/p1268/oracle_v3/masks/S01-linear-oklab.png	4c8f81592123b9ea9f54171060e3819d6ad455b0d7fda97eb9922cd2a32c73b0	480	400	25600	160,120,320,280	d2d29d2199738faf550e081164c5a2dfe4cf8e99d01335159f24e4156105dbaa	vanilla-graph-solid-paint	Measured
S01-radial-oklab	radial/oklab	S01	/tmp/p1268/oracle_v3/masks/S01-radial-oklab.svg	054efd42dcf0e3a7c29d947401d257f107fa21c6401baa867fbec4877732f236	/tmp/p1268/oracle_v3/masks/S01-radial-oklab.png	4c8f81592123b9ea9f54171060e3819d6ad455b0d7fda97eb9922cd2a32c73b0	480	400	25600	160,120,320,280	d2d29d2199738faf550e081164c5a2dfe4cf8e99d01335159f24e4156105dbaa	vanilla-graph-solid-paint	Measured
S01-linear-linear-rgb	linear/linear-rgb	S01	/tmp/p1268/oracle_v3/masks/S01-linear-linear-rgb.svg	159afa1b2748514bc1608c770a59ee0b7e7d87b75e05a45fe77fb54eda12a364	/tmp/p1268/oracle_v3/masks/S01-linear-linear-rgb.png	4c8f81592123b9ea9f54171060e3819d6ad455b0d7fda97eb9922cd2a32c73b0	480	400	25600	160,120,320,280	d2d29d2199738faf550e081164c5a2dfe4cf8e99d01335159f24e4156105dbaa	vanilla-graph-solid-paint	Measured
S01-radial-linear-rgb	radial/linear-rgb	S01	/tmp/p1268/oracle_v3/masks/S01-radial-linear-rgb.svg	85f4c41d4c7c6448cec87d4454fa47f87fbb6c780fcfbf141c534c95440e4c1f	/tmp/p1268/oracle_v3/masks/S01-radial-linear-rgb.png	4c8f81592123b9ea9f54171060e3819d6ad455b0d7fda97eb9922cd2a32c73b0	480	400	25600	160,120,320,280	d2d29d2199738faf550e081164c5a2dfe4cf8e99d01335159f24e4156105dbaa	vanilla-graph-solid-paint	Measured
S02-linear-oklab	linear/oklab	S02	/tmp/p1268/oracle_v3/masks/S02-linear-oklab.svg	894f6c54c547dd69bc025234c8a5c8f2bb3ce293ecde2773ec5b845759dcca98	/tmp/p1268/oracle_v3/masks/S02-linear-oklab.png	6ac94647ac4a15c5122471191eb81bbddca9ceda0d4ce7db272c0ae1031b00ff	480	400	9585	83,61,397,339	304d1d1ae2cdf9665035f4a7f203647ef3dbe78311a1566bd477fec125e58858	vanilla-graph-solid-paint	Measured
S02-radial-oklab	radial/oklab	S02	/tmp/p1268/oracle_v3/masks/S02-radial-oklab.svg	deb317e97dac88c8973491fb3d18ee202f4bb384ca92d807f66ba0cdad4fcb26	/tmp/p1268/oracle_v3/masks/S02-radial-oklab.png	6ac94647ac4a15c5122471191eb81bbddca9ceda0d4ce7db272c0ae1031b00ff	480	400	9585	83,61,397,339	304d1d1ae2cdf9665035f4a7f203647ef3dbe78311a1566bd477fec125e58858	vanilla-graph-solid-paint	Measured
S02-linear-linear-rgb	linear/linear-rgb	S02	/tmp/p1268/oracle_v3/masks/S02-linear-linear-rgb.svg	3439c34d1ab819b151c7eb0f870d29b8d61e3617277805a942077040c48d0fb2	/tmp/p1268/oracle_v3/masks/S02-linear-linear-rgb.png	6ac94647ac4a15c5122471191eb81bbddca9ceda0d4ce7db272c0ae1031b00ff	480	400	9585	83,61,397,339	304d1d1ae2cdf9665035f4a7f203647ef3dbe78311a1566bd477fec125e58858	vanilla-graph-solid-paint	Measured
S02-radial-linear-rgb	radial/linear-rgb	S02	/tmp/p1268/oracle_v3/masks/S02-radial-linear-rgb.svg	78298e88743ecaba1d2df49ecff5507475dea7560dafd47d8ed312a7efad15a1	/tmp/p1268/oracle_v3/masks/S02-radial-linear-rgb.png	6ac94647ac4a15c5122471191eb81bbddca9ceda0d4ce7db272c0ae1031b00ff	480	400	9585	83,61,397,339	304d1d1ae2cdf9665035f4a7f203647ef3dbe78311a1566bd477fec125e58858	vanilla-graph-solid-paint	Measured
S03-linear-oklab	linear/oklab	S03	/tmp/p1268/oracle_v3/masks/S03-linear-oklab.svg	9dc8362c91698dc1d4b61ba8257d6b898ea110e793ebfb51477ab2ea12dab100	/tmp/p1268/oracle_v3/masks/S03-linear-oklab.png	cf49a7888f425140b594b79130fe0885973cfd3ab4b109aebfdfc24d1fcc6a19	480	400	31672	133,126,347,274	2760cdff9cf7530abef7417a4bd4f69e2587cf7f04ea7e9e64636e44cfd161fe	vanilla-graph-solid-paint	Measured
S03-radial-oklab	radial/oklab	S03	/tmp/p1268/oracle_v3/masks/S03-radial-oklab.svg	888c71ef8eca990b78ddb37324c0aa0e82eefb6787bbb075cd3a4f7225fd70b5	/tmp/p1268/oracle_v3/masks/S03-radial-oklab.png	cf49a7888f425140b594b79130fe0885973cfd3ab4b109aebfdfc24d1fcc6a19	480	400	31672	133,126,347,274	2760cdff9cf7530abef7417a4bd4f69e2587cf7f04ea7e9e64636e44cfd161fe	vanilla-graph-solid-paint	Measured
S03-linear-linear-rgb	linear/linear-rgb	S03	/tmp/p1268/oracle_v3/masks/S03-linear-linear-rgb.svg	54cc16a68d5489e221e2454dc009fd8d624355084693d9e1a415756eb96c51d0	/tmp/p1268/oracle_v3/masks/S03-linear-linear-rgb.png	cf49a7888f425140b594b79130fe0885973cfd3ab4b109aebfdfc24d1fcc6a19	480	400	31672	133,126,347,274	2760cdff9cf7530abef7417a4bd4f69e2587cf7f04ea7e9e64636e44cfd161fe	vanilla-graph-solid-paint	Measured
S03-radial-linear-rgb	radial/linear-rgb	S03	/tmp/p1268/oracle_v3/masks/S03-radial-linear-rgb.svg	e2ff299150c645c8c0189a096ccdec507c6c131fc77af83205f893de7e31ce0f	/tmp/p1268/oracle_v3/masks/S03-radial-linear-rgb.png	cf49a7888f425140b594b79130fe0885973cfd3ab4b109aebfdfc24d1fcc6a19	480	400	31672	133,126,347,274	2760cdff9cf7530abef7417a4bd4f69e2587cf7f04ea7e9e64636e44cfd161fe	vanilla-graph-solid-paint	Measured
S04-linear-oklab	linear/oklab	S04	/tmp/p1268/oracle_v3/masks/S04-linear-oklab.svg	fe8bf7fc05e6fac5d9bd0ff2b78b029dfd21884e4d4ac65d4246f9ac010f9db9	/tmp/p1268/oracle_v3/masks/S04-linear-oklab.png	eae0e9f657ee40831d78dc8ee401b07ca4f4f2ee2063eefeac7c2af22d03e6ba	480	400	7646	128,114,352,286	dc12dabd7478f9996603ba13632f21ec8d69ac613a6a02094846dd27f08f8eff	vanilla-graph-solid-paint	Measured
S04-radial-oklab	radial/oklab	S04	/tmp/p1268/oracle_v3/masks/S04-radial-oklab.svg	2b99f0449bb2ed44ad7ad534e3c805cbed9074adcdf582eeba514770a610d790	/tmp/p1268/oracle_v3/masks/S04-radial-oklab.png	eae0e9f657ee40831d78dc8ee401b07ca4f4f2ee2063eefeac7c2af22d03e6ba	480	400	7646	128,114,352,286	dc12dabd7478f9996603ba13632f21ec8d69ac613a6a02094846dd27f08f8eff	vanilla-graph-solid-paint	Measured
S04-linear-linear-rgb	linear/linear-rgb	S04	/tmp/p1268/oracle_v3/masks/S04-linear-linear-rgb.svg	de1b9d2094fbf9c737f5fa2470890e0abf8ff8e35c90fb94a8640fee95d00cc1	/tmp/p1268/oracle_v3/masks/S04-linear-linear-rgb.png	eae0e9f657ee40831d78dc8ee401b07ca4f4f2ee2063eefeac7c2af22d03e6ba	480	400	7646	128,114,352,286	dc12dabd7478f9996603ba13632f21ec8d69ac613a6a02094846dd27f08f8eff	vanilla-graph-solid-paint	Measured
S04-radial-linear-rgb	radial/linear-rgb	S04	/tmp/p1268/oracle_v3/masks/S04-radial-linear-rgb.svg	576814c409d8c78280b8b76dd68ae6394c41c63d0e43ef66daace03d4d9e6974	/tmp/p1268/oracle_v3/masks/S04-radial-linear-rgb.png	eae0e9f657ee40831d78dc8ee401b07ca4f4f2ee2063eefeac7c2af22d03e6ba	480	400	7646	128,114,352,286	dc12dabd7478f9996603ba13632f21ec8d69ac613a6a02094846dd27f08f8eff	vanilla-graph-solid-paint	Measured
S05-linear-oklab	linear/oklab	S05	/tmp/p1268/oracle_v3/masks/S05-linear-oklab.svg	b974125e98167825ae127181739beef853ff75adb431ef6470340f7e85cd31ba	/tmp/p1268/oracle_v3/masks/S05-linear-oklab.png	607102c5041cfb9935c9c612abe4caa03ccd2f7cd587dd7315b947c05f8bd8c1	480	400	31752	93,146,387,254	4888c531b27655ff5300a033ad10aed62af2165d4c2a022f8a9e949a6776ac86	vanilla-graph-solid-paint	Measured
S05-radial-oklab	radial/oklab	S05	/tmp/p1268/oracle_v3/masks/S05-radial-oklab.svg	1db642cc05c1bb029ca7c35d031c79fc2f00433ba195ef213263da2623d20721	/tmp/p1268/oracle_v3/masks/S05-radial-oklab.png	607102c5041cfb9935c9c612abe4caa03ccd2f7cd587dd7315b947c05f8bd8c1	480	400	31752	93,146,387,254	4888c531b27655ff5300a033ad10aed62af2165d4c2a022f8a9e949a6776ac86	vanilla-graph-solid-paint	Measured
S05-linear-linear-rgb	linear/linear-rgb	S05	/tmp/p1268/oracle_v3/masks/S05-linear-linear-rgb.svg	f73dced4724c008f7b4b8668f3d6cc172f060576b021a3ab33182b568b325dea	/tmp/p1268/oracle_v3/masks/S05-linear-linear-rgb.png	607102c5041cfb9935c9c612abe4caa03ccd2f7cd587dd7315b947c05f8bd8c1	480	400	31752	93,146,387,254	4888c531b27655ff5300a033ad10aed62af2165d4c2a022f8a9e949a6776ac86	vanilla-graph-solid-paint	Measured
S05-radial-linear-rgb	radial/linear-rgb	S05	/tmp/p1268/oracle_v3/masks/S05-radial-linear-rgb.svg	3a04bf55ef4be5b5f4af9796fabafcbff890c0e13becda01c337e915157a0f92	/tmp/p1268/oracle_v3/masks/S05-radial-linear-rgb.png	607102c5041cfb9935c9c612abe4caa03ccd2f7cd587dd7315b947c05f8bd8c1	480	400	31752	93,146,387,254	4888c531b27655ff5300a033ad10aed62af2165d4c2a022f8a9e949a6776ac86	vanilla-graph-solid-paint	Measured
S06-linear-oklab	linear/oklab	S06	/tmp/p1268/oracle_v3/masks/S06-linear-oklab.svg	dc72730c13bf0a82819a180143f9f58f43e3b0a4aa288bd95b1b71e7a78290e2	/tmp/p1268/oracle_v3/masks/S06-linear-oklab.png	0745f912625410d1a482aa2dec6fd4c7710ddf49c4dafde228aa5fafbbeff361	480	400	9200	198,57,316,362	a76a0c3a104ef28086004a5be191912f809c2ccb4f9e3eb82bcf875075437dbe	vanilla-graph-solid-paint	Measured
S06-radial-oklab	radial/oklab	S06	/tmp/p1268/oracle_v3/masks/S06-radial-oklab.svg	28577c8face2ec9d05279bb70fc391b6b49a1fcca05a65abbcbbddde2a8e7eb4	/tmp/p1268/oracle_v3/masks/S06-radial-oklab.png	0745f912625410d1a482aa2dec6fd4c7710ddf49c4dafde228aa5fafbbeff361	480	400	9200	198,57,316,362	a76a0c3a104ef28086004a5be191912f809c2ccb4f9e3eb82bcf875075437dbe	vanilla-graph-solid-paint	Measured
S06-linear-linear-rgb	linear/linear-rgb	S06	/tmp/p1268/oracle_v3/masks/S06-linear-linear-rgb.svg	dac11fb40c5c19b398ee7ba705dd39addbb9796af6aa1b1863aed18ab383fcad	/tmp/p1268/oracle_v3/masks/S06-linear-linear-rgb.png	0745f912625410d1a482aa2dec6fd4c7710ddf49c4dafde228aa5fafbbeff361	480	400	9200	198,57,316,362	a76a0c3a104ef28086004a5be191912f809c2ccb4f9e3eb82bcf875075437dbe	vanilla-graph-solid-paint	Measured
S06-radial-linear-rgb	radial/linear-rgb	S06	/tmp/p1268/oracle_v3/masks/S06-radial-linear-rgb.svg	97f3bed3d76c36e22d7ec13e6b7cf6bb45b5a45a2f6018d328d563480cc54625	/tmp/p1268/oracle_v3/masks/S06-radial-linear-rgb.png	0745f912625410d1a482aa2dec6fd4c7710ddf49c4dafde228aa5fafbbeff361	480	400	9200	198,57,316,362	a76a0c3a104ef28086004a5be191912f809c2ccb4f9e3eb82bcf875075437dbe	vanilla-graph-solid-paint	Measured
S07-linear-oklab	linear/oklab	S07	/tmp/p1268/oracle_v3/masks/S07-linear-oklab.svg	aee6a3b4498fd2c6bfb8f41f1385478f032eb47847d0fa018625a4fd7fc49b05	/tmp/p1268/oracle_v3/masks/S07-linear-oklab.png	4c8f81592123b9ea9f54171060e3819d6ad455b0d7fda97eb9922cd2a32c73b0	480	400	25600	160,120,320,280	d2d29d2199738faf550e081164c5a2dfe4cf8e99d01335159f24e4156105dbaa	vanilla-graph-solid-paint	Measured
S07-radial-oklab	radial/oklab	S07	/tmp/p1268/oracle_v3/masks/S07-radial-oklab.svg	0fbccb482918167cdf8be6c8a15b457111b3a450bf94d1d696b4da3cbfe5bdd1	/tmp/p1268/oracle_v3/masks/S07-radial-oklab.png	4c8f81592123b9ea9f54171060e3819d6ad455b0d7fda97eb9922cd2a32c73b0	480	400	25600	160,120,320,280	d2d29d2199738faf550e081164c5a2dfe4cf8e99d01335159f24e4156105dbaa	vanilla-graph-solid-paint	Measured
S07-linear-linear-rgb	linear/linear-rgb	S07	/tmp/p1268/oracle_v3/masks/S07-linear-linear-rgb.svg	19d2598e6b03801df5d4e3e32fbf6bf704c5977fd91cfc9761521095662100e1	/tmp/p1268/oracle_v3/masks/S07-linear-linear-rgb.png	4c8f81592123b9ea9f54171060e3819d6ad455b0d7fda97eb9922cd2a32c73b0	480	400	25600	160,120,320,280	d2d29d2199738faf550e081164c5a2dfe4cf8e99d01335159f24e4156105dbaa	vanilla-graph-solid-paint	Measured
S07-radial-linear-rgb	radial/linear-rgb	S07	/tmp/p1268/oracle_v3/masks/S07-radial-linear-rgb.svg	a10c54828353ca665899e449c5b9176dc5ef7aa2170210f3248294781432570c	/tmp/p1268/oracle_v3/masks/S07-radial-linear-rgb.png	4c8f81592123b9ea9f54171060e3819d6ad455b0d7fda97eb9922cd2a32c73b0	480	400	25600	160,120,320,280	d2d29d2199738faf550e081164c5a2dfe4cf8e99d01335159f24e4156105dbaa	vanilla-graph-solid-paint	Measured
S08-linear-oklab	linear/oklab	S08	/tmp/p1268/oracle_v3/masks/S08-linear-oklab.svg	9fdde78463989d06863bbdddbf85f7400874052340e3797f6cf82a7264464522	/tmp/p1268/oracle_v3/masks/S08-linear-oklab.png	4a528b084bfbddf5a741ba36257a12764f7ab45b7faab728c78589730bc0d910	480	400	8800	181,48,299,352	bba8270c9d614233aba0981f211b782d6a7d7b9a752d614ea5f1d2348a828be0	vanilla-graph-solid-paint	Measured
S08-radial-oklab	radial/oklab	S08	/tmp/p1268/oracle_v3/masks/S08-radial-oklab.svg	70bd0af0a22ad0d876dcc63a6b252a4c4f5f2cbd695426bbea84dc01b7a19c1c	/tmp/p1268/oracle_v3/masks/S08-radial-oklab.png	4a528b084bfbddf5a741ba36257a12764f7ab45b7faab728c78589730bc0d910	480	400	8800	181,48,299,352	bba8270c9d614233aba0981f211b782d6a7d7b9a752d614ea5f1d2348a828be0	vanilla-graph-solid-paint	Measured
S08-linear-linear-rgb	linear/linear-rgb	S08	/tmp/p1268/oracle_v3/masks/S08-linear-linear-rgb.svg	84f3cb30d5802a46aa61d3096b393eec924bb160b9184b09a45ce7c126c4f7ce	/tmp/p1268/oracle_v3/masks/S08-linear-linear-rgb.png	4a528b084bfbddf5a741ba36257a12764f7ab45b7faab728c78589730bc0d910	480	400	8800	181,48,299,352	bba8270c9d614233aba0981f211b782d6a7d7b9a752d614ea5f1d2348a828be0	vanilla-graph-solid-paint	Measured
S08-radial-linear-rgb	radial/linear-rgb	S08	/tmp/p1268/oracle_v3/masks/S08-radial-linear-rgb.svg	a1d2514eb4fdd9e6eeac3ba88bbee49a2c066f946a0d874d2e661cc6771449b9	/tmp/p1268/oracle_v3/masks/S08-radial-linear-rgb.png	4a528b084bfbddf5a741ba36257a12764f7ab45b7faab728c78589730bc0d910	480	400	8800	181,48,299,352	bba8270c9d614233aba0981f211b782d6a7d7b9a752d614ea5f1d2348a828be0	vanilla-graph-solid-paint	Measured
S09-linear-oklab	linear/oklab	S09	/tmp/p1268/oracle_v3/masks/S09-linear-oklab.svg	a4974948d50098d222daab356f1b0319c4b95b0a5604e4e5919cd92ef9247c47	/tmp/p1268/oracle_v3/masks/S09-linear-oklab.png	4a743a3c1c77229378bb42ecd019913590da42b4c6b91ddeccc7eb66e768a596	480	400	21600	213,0,267,400	301e12ca2846bb264428eb2ae31cf4411e22c03dcea7528788f77057cfec10ed	vanilla-graph-solid-paint	Measured
S09-radial-oklab	radial/oklab	S09	/tmp/p1268/oracle_v3/masks/S09-radial-oklab.svg	5ec730f32f7b2761ffafb185b1267d8e548b5a046fea927590c4a0db6aac2df2	/tmp/p1268/oracle_v3/masks/S09-radial-oklab.png	4a743a3c1c77229378bb42ecd019913590da42b4c6b91ddeccc7eb66e768a596	480	400	21600	213,0,267,400	301e12ca2846bb264428eb2ae31cf4411e22c03dcea7528788f77057cfec10ed	vanilla-graph-solid-paint	Measured
S09-linear-linear-rgb	linear/linear-rgb	S09	/tmp/p1268/oracle_v3/masks/S09-linear-linear-rgb.svg	290b85939b466db871dd560a786cde04ba58db6040028091383171e95108f2f6	/tmp/p1268/oracle_v3/masks/S09-linear-linear-rgb.png	4a743a3c1c77229378bb42ecd019913590da42b4c6b91ddeccc7eb66e768a596	480	400	21600	213,0,267,400	301e12ca2846bb264428eb2ae31cf4411e22c03dcea7528788f77057cfec10ed	vanilla-graph-solid-paint	Measured
S09-radial-linear-rgb	radial/linear-rgb	S09	/tmp/p1268/oracle_v3/masks/S09-radial-linear-rgb.svg	2686b6e955655db97db91accc004d743f31ee560822b887d57a7feda067b645b	/tmp/p1268/oracle_v3/masks/S09-radial-linear-rgb.png	4a743a3c1c77229378bb42ecd019913590da42b4c6b91ddeccc7eb66e768a596	480	400	21600	213,0,267,400	301e12ca2846bb264428eb2ae31cf4411e22c03dcea7528788f77057cfec10ed	vanilla-graph-solid-paint	Measured
S10-linear-oklab	linear/oklab	S10	/tmp/p1268/oracle_v3/masks/S10-linear-oklab.svg	5b4a8620da9c20bb03765f9023f6ed42517559f9870f79534d102946ed4d7cf6	/tmp/p1268/oracle_v3/masks/S10-linear-oklab.png	af9276a338633b5ef10e2f09a8da5e764a01d6b80c63119992a212fb97a1059a	480	400	7609	154,98,326,302	82a56172c8045505ecb7cfa07e48f22d669e5b845238dc6f3d28ded160437804	vanilla-graph-solid-paint	Measured
S10-radial-oklab	radial/oklab	S10	/tmp/p1268/oracle_v3/masks/S10-radial-oklab.svg	edf090b986bb8baaca8147feddd5bbf98f2bfb3414aa3496ebbf6fbde2a965be	/tmp/p1268/oracle_v3/masks/S10-radial-oklab.png	af9276a338633b5ef10e2f09a8da5e764a01d6b80c63119992a212fb97a1059a	480	400	7609	154,98,326,302	82a56172c8045505ecb7cfa07e48f22d669e5b845238dc6f3d28ded160437804	vanilla-graph-solid-paint	Measured
S10-linear-linear-rgb	linear/linear-rgb	S10	/tmp/p1268/oracle_v3/masks/S10-linear-linear-rgb.svg	7e3d00dad2ed1c72f262a1f10f7fb453190691344e4f6fc4eaa0d2584b53d4f1	/tmp/p1268/oracle_v3/masks/S10-linear-linear-rgb.png	af9276a338633b5ef10e2f09a8da5e764a01d6b80c63119992a212fb97a1059a	480	400	7609	154,98,326,302	82a56172c8045505ecb7cfa07e48f22d669e5b845238dc6f3d28ded160437804	vanilla-graph-solid-paint	Measured
S10-radial-linear-rgb	radial/linear-rgb	S10	/tmp/p1268/oracle_v3/masks/S10-radial-linear-rgb.svg	7c67f9a67c09dddd666abfdec5ccc6d106a82cbb1c4c2684d71cb879119a2af2	/tmp/p1268/oracle_v3/masks/S10-radial-linear-rgb.png	af9276a338633b5ef10e2f09a8da5e764a01d6b80c63119992a212fb97a1059a	480	400	7609	154,98,326,302	82a56172c8045505ecb7cfa07e48f22d669e5b845238dc6f3d28ded160437804	vanilla-graph-solid-paint	Measured
S11-linear-oklab	linear/oklab	S11	/tmp/p1268/oracle_v3/masks/S11-linear-oklab.svg	11ff3b67a8e1590f3a57bd0eab84e26596552f6b0181afbc8c31f8f5429192c0	/tmp/p1268/oracle_v3/masks/S11-linear-oklab.png	39fc1032420cfc6a4bc3224d1ba3977d3cd7cd18718fd7c1273ea55082b85dcb	480	400	31807	87,75,393,325	f9f36628baf2e4ecf843a1345c4dc74bcf3ff94627fe50a3baf4b44a8b1c0f38	vanilla-graph-solid-paint	Measured
S11-radial-oklab	radial/oklab	S11	/tmp/p1268/oracle_v3/masks/S11-radial-oklab.svg	431909b72183b35d664baf71d50a76f5db63752fb45bf3508d5b0010deaf4312	/tmp/p1268/oracle_v3/masks/S11-radial-oklab.png	39fc1032420cfc6a4bc3224d1ba3977d3cd7cd18718fd7c1273ea55082b85dcb	480	400	31807	87,75,393,325	f9f36628baf2e4ecf843a1345c4dc74bcf3ff94627fe50a3baf4b44a8b1c0f38	vanilla-graph-solid-paint	Measured
S11-linear-linear-rgb	linear/linear-rgb	S11	/tmp/p1268/oracle_v3/masks/S11-linear-linear-rgb.svg	3a8d15a6e07492e4e34e6244f0e0e36ea12233354a58c13add2981377e469fa9	/tmp/p1268/oracle_v3/masks/S11-linear-linear-rgb.png	39fc1032420cfc6a4bc3224d1ba3977d3cd7cd18718fd7c1273ea55082b85dcb	480	400	31807	87,75,393,325	f9f36628baf2e4ecf843a1345c4dc74bcf3ff94627fe50a3baf4b44a8b1c0f38	vanilla-graph-solid-paint	Measured
S11-radial-linear-rgb	radial/linear-rgb	S11	/tmp/p1268/oracle_v3/masks/S11-radial-linear-rgb.svg	bfadacbb983072a3d8a373bcf71716bee4e754c0b0bb12bfa8002494976f4087	/tmp/p1268/oracle_v3/masks/S11-radial-linear-rgb.png	39fc1032420cfc6a4bc3224d1ba3977d3cd7cd18718fd7c1273ea55082b85dcb	480	400	31807	87,75,393,325	f9f36628baf2e4ecf843a1345c4dc74bcf3ff94627fe50a3baf4b44a8b1c0f38	vanilla-graph-solid-paint	Measured
S12-linear-oklab	linear/oklab	S12	/tmp/p1268/oracle_v3/masks/S12-linear-oklab.svg	5c76fb2aa8ec55c753b826e907db61c1510842a1217694d2c4334cf54ded3a93	/tmp/p1268/oracle_v3/masks/S12-linear-oklab.png	8fd0b31010d2ccc71677e90ec9a84e0454fc26906bf3aa151edd2a339210334b	480	400	8609	128,72,352,328	157bc1c76ca0cb63989f77a56aef73c187d438fb61c5078b4302e1e87ffbda8c	vanilla-graph-solid-paint	Measured
S12-radial-oklab	radial/oklab	S12	/tmp/p1268/oracle_v3/masks/S12-radial-oklab.svg	7a1120e37aa838ad685f78204c5b300c419c2b7c5365afbb17ceaa664a0d2709	/tmp/p1268/oracle_v3/masks/S12-radial-oklab.png	8fd0b31010d2ccc71677e90ec9a84e0454fc26906bf3aa151edd2a339210334b	480	400	8609	128,72,352,328	157bc1c76ca0cb63989f77a56aef73c187d438fb61c5078b4302e1e87ffbda8c	vanilla-graph-solid-paint	Measured
S12-linear-linear-rgb	linear/linear-rgb	S12	/tmp/p1268/oracle_v3/masks/S12-linear-linear-rgb.svg	ec7cdacb1e83b47ff845a5b63a57c52ae340ccf9ce19dcf6538c76b48d15ea61	/tmp/p1268/oracle_v3/masks/S12-linear-linear-rgb.png	8fd0b31010d2ccc71677e90ec9a84e0454fc26906bf3aa151edd2a339210334b	480	400	8609	128,72,352,328	157bc1c76ca0cb63989f77a56aef73c187d438fb61c5078b4302e1e87ffbda8c	vanilla-graph-solid-paint	Measured
S12-radial-linear-rgb	radial/linear-rgb	S12	/tmp/p1268/oracle_v3/masks/S12-radial-linear-rgb.svg	25437cd779cc768dd77b217f4dd4f82968f8655b272737e67632379da1677c1e	/tmp/p1268/oracle_v3/masks/S12-radial-linear-rgb.png	8fd0b31010d2ccc71677e90ec9a84e0454fc26906bf3aa151edd2a339210334b	480	400	8609	128,72,352,328	157bc1c76ca0cb63989f77a56aef73c187d438fb61c5078b4302e1e87ffbda8c	vanilla-graph-solid-paint	Measured
S13-linear-oklab	linear/oklab	S13	/tmp/p1268/oracle_v3/masks/S13-linear-oklab.svg	e022b95200bd35c89f31b3d03fa9c3bb3db32280c436756d4630ce3007eaf413	/tmp/p1268/oracle_v3/masks/S13-linear-oklab.png	4c8f81592123b9ea9f54171060e3819d6ad455b0d7fda97eb9922cd2a32c73b0	480	400	25600	160,120,320,280	d2d29d2199738faf550e081164c5a2dfe4cf8e99d01335159f24e4156105dbaa	vanilla-graph-solid-paint	Measured
S13-radial-oklab	radial/oklab	S13	/tmp/p1268/oracle_v3/masks/S13-radial-oklab.svg	9f7a43c6baf780db889b057e63b80604cc635ecc021d6b52ce01e06c9864b8fd	/tmp/p1268/oracle_v3/masks/S13-radial-oklab.png	4c8f81592123b9ea9f54171060e3819d6ad455b0d7fda97eb9922cd2a32c73b0	480	400	25600	160,120,320,280	d2d29d2199738faf550e081164c5a2dfe4cf8e99d01335159f24e4156105dbaa	vanilla-graph-solid-paint	Measured
S13-linear-linear-rgb	linear/linear-rgb	S13	/tmp/p1268/oracle_v3/masks/S13-linear-linear-rgb.svg	ca02ea1863e03b989c2b317339a1a3f74f584f23368296cd8ecd61bb392d5ed2	/tmp/p1268/oracle_v3/masks/S13-linear-linear-rgb.png	4c8f81592123b9ea9f54171060e3819d6ad455b0d7fda97eb9922cd2a32c73b0	480	400	25600	160,120,320,280	d2d29d2199738faf550e081164c5a2dfe4cf8e99d01335159f24e4156105dbaa	vanilla-graph-solid-paint	Measured
S13-radial-linear-rgb	radial/linear-rgb	S13	/tmp/p1268/oracle_v3/masks/S13-radial-linear-rgb.svg	9f944d57f48fef79ab774f2b1970617c38ec904895acf857cdf2d53733f003bc	/tmp/p1268/oracle_v3/masks/S13-radial-linear-rgb.png	4c8f81592123b9ea9f54171060e3819d6ad455b0d7fda97eb9922cd2a32c73b0	480	400	25600	160,120,320,280	d2d29d2199738faf550e081164c5a2dfe4cf8e99d01335159f24e4156105dbaa	vanilla-graph-solid-paint	Measured
S14-linear-oklab	linear/oklab	S14	/tmp/p1268/oracle_v3/masks/S14-linear-oklab.svg	d386c4ee6584092e7abe48254643a5d18525691f7c2491a1518c9444df00302b	/tmp/p1268/oracle_v3/masks/S14-linear-oklab.png	6ac94647ac4a15c5122471191eb81bbddca9ceda0d4ce7db272c0ae1031b00ff	480	400	9585	83,61,397,339	304d1d1ae2cdf9665035f4a7f203647ef3dbe78311a1566bd477fec125e58858	vanilla-graph-solid-paint	Measured
S14-radial-oklab	radial/oklab	S14	/tmp/p1268/oracle_v3/masks/S14-radial-oklab.svg	33ad22e887acc1007b5d975de3a9f1f7fd6eb9710e8305cadb62c425123e3c72	/tmp/p1268/oracle_v3/masks/S14-radial-oklab.png	6ac94647ac4a15c5122471191eb81bbddca9ceda0d4ce7db272c0ae1031b00ff	480	400	9585	83,61,397,339	304d1d1ae2cdf9665035f4a7f203647ef3dbe78311a1566bd477fec125e58858	vanilla-graph-solid-paint	Measured
S14-linear-linear-rgb	linear/linear-rgb	S14	/tmp/p1268/oracle_v3/masks/S14-linear-linear-rgb.svg	c148486061001980f11395901e86db014780a1c59e888092a6c845adb0bf8a61	/tmp/p1268/oracle_v3/masks/S14-linear-linear-rgb.png	6ac94647ac4a15c5122471191eb81bbddca9ceda0d4ce7db272c0ae1031b00ff	480	400	9585	83,61,397,339	304d1d1ae2cdf9665035f4a7f203647ef3dbe78311a1566bd477fec125e58858	vanilla-graph-solid-paint	Measured
S14-radial-linear-rgb	radial/linear-rgb	S14	/tmp/p1268/oracle_v3/masks/S14-radial-linear-rgb.svg	08a31d84d1ea15f1c1bac6ee8126c530ea3608aa03bd0a151160ec0d1d22c30c	/tmp/p1268/oracle_v3/masks/S14-radial-linear-rgb.png	6ac94647ac4a15c5122471191eb81bbddca9ceda0d4ce7db272c0ae1031b00ff	480	400	9585	83,61,397,339	304d1d1ae2cdf9665035f4a7f203647ef3dbe78311a1566bd477fec125e58858	vanilla-graph-solid-paint	Measured
S15-linear-oklab	linear/oklab	S15	/tmp/p1268/oracle_v3/masks/S15-linear-oklab.svg	fde8724ee62e70f4c4d3b4566aa0a4c7cb1c2baf1c5c66a0586bbea12840c195	/tmp/p1268/oracle_v3/masks/S15-linear-oklab.png	ce60fa8955e2fd3a1a92ecc49aae5d7a24f1a9addf1e1496d40c5b18e6c9f25d	480	400	31752	186,53,294,347	13c2a43467889bd0a4c9941a7748cdcd24cc6b17c0dc759aaecc0a0a5613671c	vanilla-graph-solid-paint	Measured
S15-radial-oklab	radial/oklab	S15	/tmp/p1268/oracle_v3/masks/S15-radial-oklab.svg	5beab03bf5811400463d8a71d6407fd0c46455761e892cfd44ec765aac7e2434	/tmp/p1268/oracle_v3/masks/S15-radial-oklab.png	ce60fa8955e2fd3a1a92ecc49aae5d7a24f1a9addf1e1496d40c5b18e6c9f25d	480	400	31752	186,53,294,347	13c2a43467889bd0a4c9941a7748cdcd24cc6b17c0dc759aaecc0a0a5613671c	vanilla-graph-solid-paint	Measured
S15-linear-linear-rgb	linear/linear-rgb	S15	/tmp/p1268/oracle_v3/masks/S15-linear-linear-rgb.svg	9b73f394c25c3b4c7c4a3ea5135bd840c0898cd1dcb9811c76729bfc43b76c0e	/tmp/p1268/oracle_v3/masks/S15-linear-linear-rgb.png	ce60fa8955e2fd3a1a92ecc49aae5d7a24f1a9addf1e1496d40c5b18e6c9f25d	480	400	31752	186,53,294,347	13c2a43467889bd0a4c9941a7748cdcd24cc6b17c0dc759aaecc0a0a5613671c	vanilla-graph-solid-paint	Measured
S15-radial-linear-rgb	radial/linear-rgb	S15	/tmp/p1268/oracle_v3/masks/S15-radial-linear-rgb.svg	89fd0a4bd10cc7edceb4f8de367e9399967c3c15e2c63ad68c9c20bed966e74f	/tmp/p1268/oracle_v3/masks/S15-radial-linear-rgb.png	ce60fa8955e2fd3a1a92ecc49aae5d7a24f1a9addf1e1496d40c5b18e6c9f25d	480	400	31752	186,53,294,347	13c2a43467889bd0a4c9941a7748cdcd24cc6b17c0dc759aaecc0a0a5613671c	vanilla-graph-solid-paint	Measured
S16-linear-oklab	linear/oklab	S16	/tmp/p1268/oracle_v3/masks/S16-linear-oklab.svg	67f3356890d8553c32557950c5c191de943ac3f6388745f5cfb6299c5a6c36a7	/tmp/p1268/oracle_v3/masks/S16-linear-oklab.png	d53927530e88298e0083c5ce7d24735978a4ba3190fbd83c67ab83973e294088	480	400	7360	161,126,332,298	748f3d18260a28cdf5f7b56e4c88e157cc68b479009edde8fce04dedabf60341	vanilla-graph-solid-paint	Measured
S16-radial-oklab	radial/oklab	S16	/tmp/p1268/oracle_v3/masks/S16-radial-oklab.svg	cb4c63dd4417048388aca0882de4adc62d984838757bf7b1e76696907cf3912e	/tmp/p1268/oracle_v3/masks/S16-radial-oklab.png	d53927530e88298e0083c5ce7d24735978a4ba3190fbd83c67ab83973e294088	480	400	7360	161,126,332,298	748f3d18260a28cdf5f7b56e4c88e157cc68b479009edde8fce04dedabf60341	vanilla-graph-solid-paint	Measured
S16-linear-linear-rgb	linear/linear-rgb	S16	/tmp/p1268/oracle_v3/masks/S16-linear-linear-rgb.svg	7b2579caa8a4417886f2c2a65ed269dc8d5a07bf28ff8baa95d9595f3c8ce4f2	/tmp/p1268/oracle_v3/masks/S16-linear-linear-rgb.png	d53927530e88298e0083c5ce7d24735978a4ba3190fbd83c67ab83973e294088	480	400	7360	161,126,332,298	748f3d18260a28cdf5f7b56e4c88e157cc68b479009edde8fce04dedabf60341	vanilla-graph-solid-paint	Measured
S16-radial-linear-rgb	radial/linear-rgb	S16	/tmp/p1268/oracle_v3/masks/S16-radial-linear-rgb.svg	440548d493caddb45a0bffde4788fc9fbdfd56fb364b2223d97985b4461b7277	/tmp/p1268/oracle_v3/masks/S16-radial-linear-rgb.png	d53927530e88298e0083c5ce7d24735978a4ba3190fbd83c67ab83973e294088	480	400	7360	161,126,332,298	748f3d18260a28cdf5f7b56e4c88e157cc68b479009edde8fce04dedabf60341	vanilla-graph-solid-paint	Measured
S17-linear-oklab	linear/oklab	S17	/tmp/p1268/oracle_v3/masks/S17-linear-oklab.svg	09551fb56b22b507f9fccde01b3556f6e4aff56f6d98191661b011b3d65c9ba8	/tmp/p1268/oracle_v3/masks/S17-linear-oklab.png	607102c5041cfb9935c9c612abe4caa03ccd2f7cd587dd7315b947c05f8bd8c1	480	400	31752	93,146,387,254	4888c531b27655ff5300a033ad10aed62af2165d4c2a022f8a9e949a6776ac86	vanilla-graph-solid-paint	Measured
S17-radial-oklab	radial/oklab	S17	/tmp/p1268/oracle_v3/masks/S17-radial-oklab.svg	a129ae57dc35653a8c3ab3986201210dab76f15019a092e82e3e7da8a4ed81bf	/tmp/p1268/oracle_v3/masks/S17-radial-oklab.png	607102c5041cfb9935c9c612abe4caa03ccd2f7cd587dd7315b947c05f8bd8c1	480	400	31752	93,146,387,254	4888c531b27655ff5300a033ad10aed62af2165d4c2a022f8a9e949a6776ac86	vanilla-graph-solid-paint	Measured
S17-linear-linear-rgb	linear/linear-rgb	S17	/tmp/p1268/oracle_v3/masks/S17-linear-linear-rgb.svg	58e24add00ba55d35f7125a164e82a30b967a7599f922a82db20f0e2cfc1a3ea	/tmp/p1268/oracle_v3/masks/S17-linear-linear-rgb.png	607102c5041cfb9935c9c612abe4caa03ccd2f7cd587dd7315b947c05f8bd8c1	480	400	31752	93,146,387,254	4888c531b27655ff5300a033ad10aed62af2165d4c2a022f8a9e949a6776ac86	vanilla-graph-solid-paint	Measured
S17-radial-linear-rgb	radial/linear-rgb	S17	/tmp/p1268/oracle_v3/masks/S17-radial-linear-rgb.svg	896fc211615b488c73d2fb5a329c9fd63af67df1a4e5c86fdb51d1c8a647f725	/tmp/p1268/oracle_v3/masks/S17-radial-linear-rgb.png	607102c5041cfb9935c9c612abe4caa03ccd2f7cd587dd7315b947c05f8bd8c1	480	400	31752	93,146,387,254	4888c531b27655ff5300a033ad10aed62af2165d4c2a022f8a9e949a6776ac86	vanilla-graph-solid-paint	Measured
S18-linear-oklab	linear/oklab	S18	/tmp/p1268/oracle_v3/masks/S18-linear-oklab.svg	5326ea13b67528f91733f3f2a294dc3c3e43d66ebd10ec7a1ae58a14037c54c6	/tmp/p1268/oracle_v3/masks/S18-linear-oklab.png	2cc206b4a68171875a2c5a7db04b96c50038c62c28e1c5e94ff442dc58eeb6d7	480	400	8208	146,0,334,400	6df5f3207695571657d08528739b13e06c468b0be7dfc1c261bd88f9144c5a87	vanilla-graph-solid-paint	Measured
S18-radial-oklab	radial/oklab	S18	/tmp/p1268/oracle_v3/masks/S18-radial-oklab.svg	5b3ec779cc31aec9defede0dfeff81277ad23fd7a11eb2da2e8f054094065619	/tmp/p1268/oracle_v3/masks/S18-radial-oklab.png	2cc206b4a68171875a2c5a7db04b96c50038c62c28e1c5e94ff442dc58eeb6d7	480	400	8208	146,0,334,400	6df5f3207695571657d08528739b13e06c468b0be7dfc1c261bd88f9144c5a87	vanilla-graph-solid-paint	Measured
S18-linear-linear-rgb	linear/linear-rgb	S18	/tmp/p1268/oracle_v3/masks/S18-linear-linear-rgb.svg	10aaf49ea5f39329dfa50379852466762fb0fc79c1f107d1e2b45cc6dad426f3	/tmp/p1268/oracle_v3/masks/S18-linear-linear-rgb.png	2cc206b4a68171875a2c5a7db04b96c50038c62c28e1c5e94ff442dc58eeb6d7	480	400	8208	146,0,334,400	6df5f3207695571657d08528739b13e06c468b0be7dfc1c261bd88f9144c5a87	vanilla-graph-solid-paint	Measured
S18-radial-linear-rgb	radial/linear-rgb	S18	/tmp/p1268/oracle_v3/masks/S18-radial-linear-rgb.svg	0d8e9740b714ef29dfbb2756d72a9c6315c8b3630d20b010221b575ab7132db2	/tmp/p1268/oracle_v3/masks/S18-radial-linear-rgb.png	2cc206b4a68171875a2c5a7db04b96c50038c62c28e1c5e94ff442dc58eeb6d7	480	400	8208	146,0,334,400	6df5f3207695571657d08528739b13e06c468b0be7dfc1c261bd88f9144c5a87	vanilla-graph-solid-paint	Measured
S19-linear-oklab	linear/oklab	S19	/tmp/p1268/oracle_v3/masks/S19-linear-oklab.svg	77b4d27a3af67b98f3be225db7281e9707529fc56c30b69b1335459e07fe43f5	/tmp/p1268/oracle_v3/masks/S19-linear-oklab.png	f694443281d87334372852a661616b868b16692301b55f81530ea9d1f7fe0aa8	480	400	0	none	ea0787f65f73b0013d03b359490e3125211b28ad5c1502ffb1544c0ded4192f5	vanilla-graph-solid-paint	Measured
S19-radial-oklab	radial/oklab	S19	/tmp/p1268/oracle_v3/masks/S19-radial-oklab.svg	7f6422a025c2abf0bc49b09b4ee22ceb0b4da68e3e3de64730bc5a766647f0a4	/tmp/p1268/oracle_v3/masks/S19-radial-oklab.png	f694443281d87334372852a661616b868b16692301b55f81530ea9d1f7fe0aa8	480	400	0	none	ea0787f65f73b0013d03b359490e3125211b28ad5c1502ffb1544c0ded4192f5	vanilla-graph-solid-paint	Measured
S19-linear-linear-rgb	linear/linear-rgb	S19	/tmp/p1268/oracle_v3/masks/S19-linear-linear-rgb.svg	493ad923db57580d4bfc45d4908e1d4f8dd7a76c0e06094643f387c66565f4b2	/tmp/p1268/oracle_v3/masks/S19-linear-linear-rgb.png	f694443281d87334372852a661616b868b16692301b55f81530ea9d1f7fe0aa8	480	400	0	none	ea0787f65f73b0013d03b359490e3125211b28ad5c1502ffb1544c0ded4192f5	vanilla-graph-solid-paint	Measured
S19-radial-linear-rgb	radial/linear-rgb	S19	/tmp/p1268/oracle_v3/masks/S19-radial-linear-rgb.svg	56ef6ea77d14ba23c3cbcd22237a12f5291de390592d40daf5724efcb71baac1	/tmp/p1268/oracle_v3/masks/S19-radial-linear-rgb.png	f694443281d87334372852a661616b868b16692301b55f81530ea9d1f7fe0aa8	480	400	0	none	ea0787f65f73b0013d03b359490e3125211b28ad5c1502ffb1544c0ded4192f5	vanilla-graph-solid-paint	Measured
S20-linear-oklab	linear/oklab	S20	/tmp/p1268/oracle_v3/masks/S20-linear-oklab.svg	ebf5a07ec9ae89111e82cd1dd61916ecaefc6c3131225085b03ae83150425373	/tmp/p1268/oracle_v3/masks/S20-linear-oklab.png	998e05e2bb09fea270134a1a513b494da1b5496e8216e33487f0bafda7be6286	480	400	1920	234,120,246,280	5194dcd22f53b6e646e965ebfb88a9788bbc1b01dd4165937cbc7e3bd6379e05	vanilla-graph-solid-paint	Measured
S20-radial-oklab	radial/oklab	S20	/tmp/p1268/oracle_v3/masks/S20-radial-oklab.svg	d21edb4404295a7217cddd97458918b20c6f424b24adec275d09f2c75cd6a600	/tmp/p1268/oracle_v3/masks/S20-radial-oklab.png	998e05e2bb09fea270134a1a513b494da1b5496e8216e33487f0bafda7be6286	480	400	1920	234,120,246,280	5194dcd22f53b6e646e965ebfb88a9788bbc1b01dd4165937cbc7e3bd6379e05	vanilla-graph-solid-paint	Measured
S20-linear-linear-rgb	linear/linear-rgb	S20	/tmp/p1268/oracle_v3/masks/S20-linear-linear-rgb.svg	fb753c25fa4c05f3de90d6eab623b4930c129d880e01b010aaeb26052439fc27	/tmp/p1268/oracle_v3/masks/S20-linear-linear-rgb.png	998e05e2bb09fea270134a1a513b494da1b5496e8216e33487f0bafda7be6286	480	400	1920	234,120,246,280	5194dcd22f53b6e646e965ebfb88a9788bbc1b01dd4165937cbc7e3bd6379e05	vanilla-graph-solid-paint	Measured
S20-radial-linear-rgb	radial/linear-rgb	S20	/tmp/p1268/oracle_v3/masks/S20-radial-linear-rgb.svg	8dfb9f590555033b7b49439f6d66eb65830b2b6de393899bfaa1691e74b53e8d	/tmp/p1268/oracle_v3/masks/S20-radial-linear-rgb.png	998e05e2bb09fea270134a1a513b494da1b5496e8216e33487f0bafda7be6286	480	400	1920	234,120,246,280	5194dcd22f53b6e646e965ebfb88a9788bbc1b01dd4165937cbc7e3bd6379e05	vanilla-graph-solid-paint	Measured
S21-linear-oklab	linear/oklab	S21	/tmp/p1268/oracle_v3/masks/S21-linear-oklab.svg	055b36a648d3946654b999cb4d6fd09a5840bed3b779c171e76d625f64f7a9c5	/tmp/p1268/oracle_v3/masks/S21-linear-oklab.png	f694443281d87334372852a661616b868b16692301b55f81530ea9d1f7fe0aa8	480	400	0	none	ea0787f65f73b0013d03b359490e3125211b28ad5c1502ffb1544c0ded4192f5	vanilla-graph-solid-paint	Measured
S21-radial-oklab	radial/oklab	S21	/tmp/p1268/oracle_v3/masks/S21-radial-oklab.svg	89d8831840e05899bce61ddb4097ab263896f0394405ffe691e8bd3d7bde9e96	/tmp/p1268/oracle_v3/masks/S21-radial-oklab.png	f694443281d87334372852a661616b868b16692301b55f81530ea9d1f7fe0aa8	480	400	0	none	ea0787f65f73b0013d03b359490e3125211b28ad5c1502ffb1544c0ded4192f5	vanilla-graph-solid-paint	Measured
S21-linear-linear-rgb	linear/linear-rgb	S21	/tmp/p1268/oracle_v3/masks/S21-linear-linear-rgb.svg	41472b69381513180a116517483e57af7dfa98c3616a7d60a792c674af9d4c16	/tmp/p1268/oracle_v3/masks/S21-linear-linear-rgb.png	f694443281d87334372852a661616b868b16692301b55f81530ea9d1f7fe0aa8	480	400	0	none	ea0787f65f73b0013d03b359490e3125211b28ad5c1502ffb1544c0ded4192f5	vanilla-graph-solid-paint	Measured
S21-radial-linear-rgb	radial/linear-rgb	S21	/tmp/p1268/oracle_v3/masks/S21-radial-linear-rgb.svg	6e4ee7cddcadb0b0c7cf23c253e89180eb1cb06e96efbdd7dc8308f6f478d61b	/tmp/p1268/oracle_v3/masks/S21-radial-linear-rgb.png	f694443281d87334372852a661616b868b16692301b55f81530ea9d1f7fe0aa8	480	400	0	none	ea0787f65f73b0013d03b359490e3125211b28ad5c1502ffb1544c0ded4192f5	vanilla-graph-solid-paint	Measured
S22-linear-oklab	linear/oklab	S22	/tmp/p1268/oracle_v3/masks/S22-linear-oklab.svg	d4aef33bbc93f77f807eb83f290376028b46319a89e29af8b6cd8063f0653054	/tmp/p1268/oracle_v3/masks/S22-linear-oklab.png	56a123c008eae2ae936ecc7b9dc46e40444040f932df76fa540bb7e9ada6a72c	480	400	7641	124,84,356,316	7456323ec454610eec3829ea71d6ab5b33b3e8264a33e3b28d09f27bf6d19b78	vanilla-graph-solid-paint	Measured
S22-radial-oklab	radial/oklab	S22	/tmp/p1268/oracle_v3/masks/S22-radial-oklab.svg	2b61a8be959d961c7308f735c40b92eeb516dcf3709f2264cc2b134c9dc84f5b	/tmp/p1268/oracle_v3/masks/S22-radial-oklab.png	56a123c008eae2ae936ecc7b9dc46e40444040f932df76fa540bb7e9ada6a72c	480	400	7641	124,84,356,316	7456323ec454610eec3829ea71d6ab5b33b3e8264a33e3b28d09f27bf6d19b78	vanilla-graph-solid-paint	Measured
S22-linear-linear-rgb	linear/linear-rgb	S22	/tmp/p1268/oracle_v3/masks/S22-linear-linear-rgb.svg	392568b858f53daab25008157f6a526a09e95c0ba76d62d46ff14698a9b435d1	/tmp/p1268/oracle_v3/masks/S22-linear-linear-rgb.png	56a123c008eae2ae936ecc7b9dc46e40444040f932df76fa540bb7e9ada6a72c	480	400	7641	124,84,356,316	7456323ec454610eec3829ea71d6ab5b33b3e8264a33e3b28d09f27bf6d19b78	vanilla-graph-solid-paint	Measured
S22-radial-linear-rgb	radial/linear-rgb	S22	/tmp/p1268/oracle_v3/masks/S22-radial-linear-rgb.svg	c084cffd1d7f2c41ec211dd2feeca5479b8d67a262c0de0f43f3f881288c03c3	/tmp/p1268/oracle_v3/masks/S22-radial-linear-rgb.png	56a123c008eae2ae936ecc7b9dc46e40444040f932df76fa540bb7e9ada6a72c	480	400	7641	124,84,356,316	7456323ec454610eec3829ea71d6ab5b33b3e8264a33e3b28d09f27bf6d19b78	vanilla-graph-solid-paint	Measured
S23-linear-oklab	linear/oklab	S23	/tmp/p1268/oracle_v3/masks/S23-linear-oklab.svg	0b376cde729b2b5536c6c3f1122350c2d4c1e00e31272b17beef57358f8d8eef	/tmp/p1268/oracle_v3/masks/S23-linear-oklab.png	e15e095e473c588ade4e0622398b5a36dff9a51b90da49f0058afcce56c48d66	480	400	13440	0,186,480,214	5437937be66ff811e9f008831c0551ea6819281639b64efb6ba80bd4e90dff1e	vanilla-graph-solid-paint	Measured
S23-radial-oklab	radial/oklab	S23	/tmp/p1268/oracle_v3/masks/S23-radial-oklab.svg	c17eadb6b750bdf55a90c3f1b390b53b8e28bcff0879bc1f881d0356ea1378f9	/tmp/p1268/oracle_v3/masks/S23-radial-oklab.png	e15e095e473c588ade4e0622398b5a36dff9a51b90da49f0058afcce56c48d66	480	400	13440	0,186,480,214	5437937be66ff811e9f008831c0551ea6819281639b64efb6ba80bd4e90dff1e	vanilla-graph-solid-paint	Measured
S23-linear-linear-rgb	linear/linear-rgb	S23	/tmp/p1268/oracle_v3/masks/S23-linear-linear-rgb.svg	beb6597ed493db2a9c80e94659297537bf9e6362424929574c27ac3af7503ad6	/tmp/p1268/oracle_v3/masks/S23-linear-linear-rgb.png	e15e095e473c588ade4e0622398b5a36dff9a51b90da49f0058afcce56c48d66	480	400	13440	0,186,480,214	5437937be66ff811e9f008831c0551ea6819281639b64efb6ba80bd4e90dff1e	vanilla-graph-solid-paint	Measured
S23-radial-linear-rgb	radial/linear-rgb	S23	/tmp/p1268/oracle_v3/masks/S23-radial-linear-rgb.svg	977f88ba6f2d7e8f664cbe77d2d360caaeb0d23de24f5a97e6bc8b9f217a351f	/tmp/p1268/oracle_v3/masks/S23-radial-linear-rgb.png	e15e095e473c588ade4e0622398b5a36dff9a51b90da49f0058afcce56c48d66	480	400	13440	0,186,480,214	5437937be66ff811e9f008831c0551ea6819281639b64efb6ba80bd4e90dff1e	vanilla-graph-solid-paint	Measured
S24-linear-oklab	linear/oklab	S24	/tmp/p1268/oracle_v3/masks/S24-linear-oklab.svg	99d3b2fff48c1e91d97fa5ee45c9f35667a8ea66fab479ebd374536835872d72	/tmp/p1268/oracle_v3/masks/S24-linear-oklab.png	a3f8b7b42184f242e70e6229bdab8234906f250039ea8fad0b41b303eeb4aeb6	480	400	9246	171,40,338,344	597746c3eddd39876851404d9c95148325a887076cb4a5b1b208909f5c01eee4	vanilla-graph-solid-paint	Measured
S24-radial-oklab	radial/oklab	S24	/tmp/p1268/oracle_v3/masks/S24-radial-oklab.svg	651bd0724fcc4d336c7495308a586e3e8856e36cd4090f1a0e12484d69abb389	/tmp/p1268/oracle_v3/masks/S24-radial-oklab.png	a3f8b7b42184f242e70e6229bdab8234906f250039ea8fad0b41b303eeb4aeb6	480	400	9246	171,40,338,344	597746c3eddd39876851404d9c95148325a887076cb4a5b1b208909f5c01eee4	vanilla-graph-solid-paint	Measured
S24-linear-linear-rgb	linear/linear-rgb	S24	/tmp/p1268/oracle_v3/masks/S24-linear-linear-rgb.svg	f10f24fabac97e20f265f6ad464b7141325f83316d7b4b70d08646eea2f3ab48	/tmp/p1268/oracle_v3/masks/S24-linear-linear-rgb.png	a3f8b7b42184f242e70e6229bdab8234906f250039ea8fad0b41b303eeb4aeb6	480	400	9246	171,40,338,344	597746c3eddd39876851404d9c95148325a887076cb4a5b1b208909f5c01eee4	vanilla-graph-solid-paint	Measured
S24-radial-linear-rgb	radial/linear-rgb	S24	/tmp/p1268/oracle_v3/masks/S24-radial-linear-rgb.svg	9d047752053f31eb434cf81ea5255ed33d85a23394afdf8e2107ee20c5e42896	/tmp/p1268/oracle_v3/masks/S24-radial-linear-rgb.png	a3f8b7b42184f242e70e6229bdab8234906f250039ea8fad0b41b303eeb4aeb6	480	400	9246	171,40,338,344	597746c3eddd39876851404d9c95148325a887076cb4a5b1b208909f5c01eee4	vanilla-graph-solid-paint	Measured
