fixture_id	pair	metric	candidate_observed	vanilla_frozen	allowed_slack	effective_limit	excess	status
S01-linear-oklab	linear/oklab	color_max	0.0027691983825696822	0.0027691983825696822	0.000001	0.0027701983825696823	0	Preserved
S01-linear-oklab	linear/oklab	color_p95	0.0022644778427777382	0.0022644778427777382	0.000001	0.0022654778427777383	0	Preserved
S01-linear-oklab	linear/oklab	alpha_max	0	0	0.000001	9.9999999999999995e-07	0	Preserved
S01-linear-oklab	linear/oklab	alpha_p95	0	0	0.000001	9.9999999999999995e-07	0	Preserved
S01-radial-oklab	radial/oklab	color_max	0.0027691983825696822	0.0027691983825696822	0.000001	0.0027701983825696823	0	Preserved
S01-radial-oklab	radial/oklab	color_p95	0.0022644778427777382	0.0022644778427777382	0.000001	0.0022654778427777383	0	Preserved
S01-radial-oklab	radial/oklab	alpha_max	0	0	0.000001	9.9999999999999995e-07	0	Preserved
S01-radial-oklab	radial/oklab	alpha_p95	0	0	0.000001	9.9999999999999995e-07	0	Preserved
S01-linear-linear-rgb	linear/linear-rgb	color_max	0.0030987593991580503	0.0030987543835158675	0.000001	0.0030997543835158676	0	Preserved
S01-linear-linear-rgb	linear/linear-rgb	color_p95	0.0025817345792035016	0.002581746189050254	0.000001	0.0025827461890502541	0	Preserved
S01-linear-linear-rgb	linear/linear-rgb	alpha_max	0	0	0.000001	9.9999999999999995e-07	0	Preserved
S01-linear-linear-rgb	linear/linear-rgb	alpha_p95	0	0	0.000001	9.9999999999999995e-07	0	Preserved
S01-radial-linear-rgb	radial/linear-rgb	color_max	0.0030987543835158675	0.0030987543835158675	0.000001	0.0030997543835158676	0	Preserved
S01-radial-linear-rgb	radial/linear-rgb	color_p95	0.002581746189050254	0.002581746189050254	0.000001	0.0025827461890502541	0	Preserved
S01-radial-linear-rgb	radial/linear-rgb	alpha_max	0	0	0.000001	9.9999999999999995e-07	0	Preserved
S01-radial-linear-rgb	radial/linear-rgb	alpha_p95	0	0	0.000001	9.9999999999999995e-07	0	Preserved
S02-linear-oklab	linear/oklab	color_max	0.0028820180430856267	0.0028820180430856267	0.000001	0.0028830180430856269	0	Preserved
S02-linear-oklab	linear/oklab	color_p95	0.0027180626059582062	0.0027180626059582062	0.000001	0.0027190626059582063	0	Preserved
S02-linear-oklab	linear/oklab	alpha_max	0	0	0.000001	9.9999999999999995e-07	0	Preserved
S02-linear-oklab	linear/oklab	alpha_p95	0	0	0.000001	9.9999999999999995e-07	0	Preserved
S02-radial-oklab	radial/oklab	color_max	0.0028820180430856267	0.0028820180430856267	0.000001	0.0028830180430856269	0	Preserved
S02-radial-oklab	radial/oklab	color_p95	0.0027180626059582062	0.0027180626059582062	0.000001	0.0027190626059582063	0	Preserved
S02-radial-oklab	radial/oklab	alpha_max	0	0	0.000001	9.9999999999999995e-07	0	Preserved
S02-radial-oklab	radial/oklab	alpha_p95	0	0	0.000001	9.9999999999999995e-07	0	Preserved
S02-linear-linear-rgb	linear/linear-rgb	color_max	0.0029867801719644276	0.0029868053342224604	0.000001	0.0029878053342224605	0	Preserved
S02-linear-linear-rgb	linear/linear-rgb	color_p95	0.0025623337630611967	0.0025623337630611967	0.000001	0.0025633337630611968	0	Preserved
S02-linear-linear-rgb	linear/linear-rgb	alpha_max	0	0	0.000001	9.9999999999999995e-07	0	Preserved
S02-linear-linear-rgb	linear/linear-rgb	alpha_p95	0	0	0.000001	9.9999999999999995e-07	0	Preserved
S02-radial-linear-rgb	radial/linear-rgb	color_max	0.0029868053342224604	0.0029868053342224604	0.000001	0.0029878053342224605	0	Preserved
S02-radial-linear-rgb	radial/linear-rgb	color_p95	0.0025623337630611967	0.0025623337630611967	0.000001	0.0025633337630611968	0	Preserved
S02-radial-linear-rgb	radial/linear-rgb	alpha_max	0	0	0.000001	9.9999999999999995e-07	0	Preserved
S02-radial-linear-rgb	radial/linear-rgb	alpha_p95	0	0	0.000001	9.9999999999999995e-07	0	Preserved
S03-linear-oklab	linear/oklab	color_max	0.015535274612448377	0.015535274612448377	0.000001	0.015536274612448376	0	Preserved
S03-linear-oklab	linear/oklab	color_p95	0.0024961400915437834	0.0024961400915437834	0.000001	0.0024971400915437835	0	Preserved
S03-linear-oklab	linear/oklab	alpha_max	0.0024418849571073986	0.0024418849571078427	0.000001	0.0024428849571078428	0	Preserved
S03-linear-oklab	linear/oklab	alpha_p95	0	0	0.000001	9.9999999999999995e-07	0	Preserved
S03-radial-oklab	radial/oklab	color_max	0.015535274612448377	0.015535274612448377	0.000001	0.015536274612448376	0	Preserved
S03-radial-oklab	radial/oklab	color_p95	0.0024961400915437834	0.0024961400915437834	0.000001	0.0024971400915437835	0	Preserved
S03-radial-oklab	radial/oklab	alpha_max	0.0024418849571073986	0.0024418849571078427	0.000001	0.0024428849571078428	0	Preserved
S03-radial-oklab	radial/oklab	alpha_p95	0	0	0.000001	9.9999999999999995e-07	0	Preserved
S03-linear-linear-rgb	linear/linear-rgb	color_max	0.01907191988067106	0.01907191988067106	0.000001	0.019072919880671061	0	Preserved
S03-linear-linear-rgb	linear/linear-rgb	color_p95	0.0026041437381745273	0.0026040877217766646	0.000001	0.0026050877217766648	0	Preserved
S03-linear-linear-rgb	linear/linear-rgb	alpha_max	0.0024418849571073986	0.0024418849571078427	0.000001	0.0024428849571078428	0	Preserved
S03-linear-linear-rgb	linear/linear-rgb	alpha_p95	0	0	0.000001	9.9999999999999995e-07	0	Preserved
S03-radial-linear-rgb	radial/linear-rgb	color_max	0.01907191988067106	0.01907191988067106	0.000001	0.019072919880671061	0	Preserved
S03-radial-linear-rgb	radial/linear-rgb	color_p95	0.0026040877217766646	0.0026040877217766646	0.000001	0.0026050877217766648	0	Preserved
S03-radial-linear-rgb	radial/linear-rgb	alpha_max	0.0024418849571073986	0.0024418849571078427	0.000001	0.0024428849571078428	0	Preserved
S03-radial-linear-rgb	radial/linear-rgb	alpha_p95	0	0	0.000001	9.9999999999999995e-07	0	Preserved
S04-linear-oklab	linear/oklab	color_max	0.003583396855801186	0.0035833968558011313	0.000001	0.0035843968558011315	0	Preserved
S04-linear-oklab	linear/oklab	color_p95	0.0021776931206294557	0.0021776931206294557	0.000001	0.0021786931206294559	0	Preserved
S04-linear-oklab	linear/oklab	alpha_max	0.0028718976693989928	0.0028718976693994369	0.000001	0.002872897669399437	0	Preserved
S04-linear-oklab	linear/oklab	alpha_p95	0.0015918431779382014	0.0015918431779383124	0.000001	0.0015928431779383123	0	Preserved
S04-radial-oklab	radial/oklab	color_max	0.003583396855801186	0.0035833968558011313	0.000001	0.0035843968558011315	0	Preserved
S04-radial-oklab	radial/oklab	color_p95	0.0021776931206294557	0.0021776931206294557	0.000001	0.0021786931206294559	0	Preserved
S04-radial-oklab	radial/oklab	alpha_max	0.0028718976693989928	0.0028718976693994369	0.000001	0.002872897669399437	0	Preserved
S04-radial-oklab	radial/oklab	alpha_p95	0.0015918431779382014	0.0015918431779383124	0.000001	0.0015928431779383123	0	Preserved
S04-linear-linear-rgb	linear/linear-rgb	color_max	0.0037535454077737202	0.0037535244970186552	0.000001	0.0037545244970186554	0	Preserved
S04-linear-linear-rgb	linear/linear-rgb	color_p95	0.0024863074836572788	0.0024863074836576561	0.000001	0.0024873074836576563	0	Preserved
S04-linear-linear-rgb	linear/linear-rgb	alpha_max	0.0028718976693989928	0.0028718976693994369	0.000001	0.002872897669399437	0	Preserved
S04-linear-linear-rgb	linear/linear-rgb	alpha_p95	0.0015853516435385684	0.0015853814458611226	0.000001	0.0015863814458611225	0	Preserved
S04-radial-linear-rgb	radial/linear-rgb	color_max	0.0037535244970186466	0.0037535244970186552	0.000001	0.0037545244970186554	0	Preserved
S04-radial-linear-rgb	radial/linear-rgb	color_p95	0.0024863074836572788	0.0024863074836576561	0.000001	0.0024873074836576563	0	Preserved
S04-radial-linear-rgb	radial/linear-rgb	alpha_max	0.0028718976693989928	0.0028718976693994369	0.000001	0.002872897669399437	0	Preserved
S04-radial-linear-rgb	radial/linear-rgb	alpha_p95	0.0015853814458609561	0.0015853814458611226	0.000001	0.0015863814458611225	0	Preserved
S05-linear-oklab	linear/oklab	color_max	0.022387434988779504	0.022387434988779504	0.000001	0.022388434988779505	0	Preserved
S05-linear-oklab	linear/oklab	color_p95	0.0026197488294115146	0.0026197488294113606	0.000001	0.0026207488294113608	0	Preserved
S05-linear-oklab	linear/oklab	alpha_max	0.0039021898545300582	0.0039021898545305023	0.000001	0.0039031898545305024	0	Preserved
S05-linear-oklab	linear/oklab	alpha_p95	0.0016855015006721485	0.0016855015006722596	0.000001	0.0016865015006722595	0	Preserved
S05-radial-oklab	radial/oklab	color_max	0.022387434988779504	0.022387434988779504	0.000001	0.022388434988779505	0	Preserved
S05-radial-oklab	radial/oklab	color_p95	0.0026197488294115146	0.0026197488294113606	0.000001	0.0026207488294113608	0	Preserved
S05-radial-oklab	radial/oklab	alpha_max	0.0039021898545300582	0.0039021898545305023	0.000001	0.0039031898545305024	0	Preserved
S05-radial-oklab	radial/oklab	alpha_p95	0.0016855015006721485	0.0016855015006722596	0.000001	0.0016865015006722595	0	Preserved
S05-linear-linear-rgb	linear/linear-rgb	color_max	0.025671898383991802	0.025671898383991802	0.000001	0.025672898383991803	0	Preserved
S05-linear-linear-rgb	linear/linear-rgb	color_p95	0.0028225815093721484	0.0028225884600920756	0.000001	0.0028235884600920757	0	Preserved
S05-linear-linear-rgb	linear/linear-rgb	alpha_max	0.0039021898545300582	0.0039021898545305023	0.000001	0.0039031898545305024	0	Preserved
S05-linear-linear-rgb	linear/linear-rgb	alpha_p95	0.0016925121065461679	0.0016925121065459736	0.000001	0.0016935121065459735	0	Preserved
S05-radial-linear-rgb	radial/linear-rgb	color_max	0.025671898383991802	0.025671898383991802	0.000001	0.025672898383991803	0	Preserved
S05-radial-linear-rgb	radial/linear-rgb	color_p95	0.0028225884600922091	0.0028225884600920756	0.000001	0.0028235884600920757	0	Preserved
S05-radial-linear-rgb	radial/linear-rgb	alpha_max	0.0039021898545300582	0.0039021898545305023	0.000001	0.0039031898545305024	0	Preserved
S05-radial-linear-rgb	radial/linear-rgb	alpha_p95	0.0016925121065461679	0.0016925121065459736	0.000001	0.0016935121065459735	0	Preserved
S06-linear-oklab	linear/oklab	color_max	0.042749609104681389	0.042749609104681389	0.000001	0.04275060910468139	0	Preserved
S06-linear-oklab	linear/oklab	color_p95	0.003161729858804235	0.003161729858804235	0.000001	0.0031627298588042352	0	Preserved
S06-linear-oklab	linear/oklab	alpha_max	0	0	0.000001	9.9999999999999995e-07	0	Preserved
S06-linear-oklab	linear/oklab	alpha_p95	0	0	0.000001	9.9999999999999995e-07	0	Preserved
S06-radial-oklab	radial/oklab	color_max	0.042749609104681389	0.042749609104681389	0.000001	0.04275060910468139	0	Preserved
S06-radial-oklab	radial/oklab	color_p95	0.003161729858804235	0.003161729858804235	0.000001	0.0031627298588042352	0	Preserved
S06-radial-oklab	radial/oklab	alpha_max	0	0	0.000001	9.9999999999999995e-07	0	Preserved
S06-radial-oklab	radial/oklab	alpha_p95	0	0	0.000001	9.9999999999999995e-07	0	Preserved
S06-linear-linear-rgb	linear/linear-rgb	color_max	0.047575914375476605	0.047575914375476605	0.000001	0.047576914375476606	0	Preserved
S06-linear-linear-rgb	linear/linear-rgb	color_p95	0.0034121338284830061	0.0034121338284830061	0.000001	0.0034131338284830062	0	Preserved
S06-linear-linear-rgb	linear/linear-rgb	alpha_max	0	0	0.000001	9.9999999999999995e-07	0	Preserved
S06-linear-linear-rgb	linear/linear-rgb	alpha_p95	0	0	0.000001	9.9999999999999995e-07	0	Preserved
S06-radial-linear-rgb	radial/linear-rgb	color_max	0.047575914375476605	0.047575914375476605	0.000001	0.047576914375476606	0	Preserved
S06-radial-linear-rgb	radial/linear-rgb	color_p95	0.0034121338284830061	0.0034121338284830061	0.000001	0.0034131338284830062	0	Preserved
S06-radial-linear-rgb	radial/linear-rgb	alpha_max	0	0	0.000001	9.9999999999999995e-07	0	Preserved
S06-radial-linear-rgb	radial/linear-rgb	alpha_p95	0	0	0.000001	9.9999999999999995e-07	0	Preserved
S07-linear-oklab	linear/oklab	color_max	0.0027691983825696822	0.0027691983825696822	0.000001	0.0027701983825696823	0	Preserved
S07-linear-oklab	linear/oklab	color_p95	0.0022644778427777382	0.0022644778427777382	0.000001	0.0022654778427777383	0	Preserved
S07-linear-oklab	linear/oklab	alpha_max	0	0	0.000001	9.9999999999999995e-07	0	Preserved
S07-linear-oklab	linear/oklab	alpha_p95	0	0	0.000001	9.9999999999999995e-07	0	Preserved
S07-radial-oklab	radial/oklab	color_max	0.0027691983825696822	0.0027691983825696822	0.000001	0.0027701983825696823	0	Preserved
S07-radial-oklab	radial/oklab	color_p95	0.0022644778427777382	0.0022644778427777382	0.000001	0.0022654778427777383	0	Preserved
S07-radial-oklab	radial/oklab	alpha_max	0	0	0.000001	9.9999999999999995e-07	0	Preserved
S07-radial-oklab	radial/oklab	alpha_p95	0	0	0.000001	9.9999999999999995e-07	0	Preserved
S07-linear-linear-rgb	linear/linear-rgb	color_max	0.0030987593991580503	0.0030987543835158675	0.000001	0.0030997543835158676	0	Preserved
S07-linear-linear-rgb	linear/linear-rgb	color_p95	0.0025817345792035016	0.002581746189050254	0.000001	0.0025827461890502541	0	Preserved
S07-linear-linear-rgb	linear/linear-rgb	alpha_max	0	0	0.000001	9.9999999999999995e-07	0	Preserved
S07-linear-linear-rgb	linear/linear-rgb	alpha_p95	0	0	0.000001	9.9999999999999995e-07	0	Preserved
S07-radial-linear-rgb	radial/linear-rgb	color_max	0.0030987543835158675	0.0030987543835158675	0.000001	0.0030997543835158676	0	Preserved
S07-radial-linear-rgb	radial/linear-rgb	color_p95	0.002581746189050254	0.002581746189050254	0.000001	0.0025827461890502541	0	Preserved
S07-radial-linear-rgb	radial/linear-rgb	alpha_max	0	0	0.000001	9.9999999999999995e-07	0	Preserved
S07-radial-linear-rgb	radial/linear-rgb	alpha_p95	0	0	0.000001	9.9999999999999995e-07	0	Preserved
S08-linear-oklab	linear/oklab	color_max	0.76602085434895828	0.76602085434895828	0.000001	0.76602185434895831	0	Preserved
S08-linear-oklab	linear/oklab	color_p95	0.0021488678581982217	0.0021488678581984538	0.000001	0.0021498678581984539	0	Preserved
S08-linear-oklab	linear/oklab	alpha_max	0.60000002384185791	0.60000002384185791	0.000001	0.60000102384185794	0	Preserved
S08-linear-oklab	linear/oklab	alpha_p95	0.0013355072627064812	0.0013355072627060371	0.000001	0.0013365072627060371	0	Preserved
S08-radial-oklab	radial/oklab	color_max	0.76602085434895828	0.76602085434895828	0.000001	0.76602185434895831	0	Preserved
S08-radial-oklab	radial/oklab	color_p95	0.0021488678581982217	0.0021488678581984538	0.000001	0.0021498678581984539	0	Preserved
S08-radial-oklab	radial/oklab	alpha_max	0.60000002384185791	0.60000002384185791	0.000001	0.60000102384185794	0	Preserved
S08-radial-oklab	radial/oklab	alpha_p95	0.0013355072627064812	0.0013355072627060371	0.000001	0.0013365072627060371	0	Preserved
S08-linear-linear-rgb	linear/linear-rgb	color_max	0.76602080178814924	0.76602080531543837	0.000001	0.7660218053154384	0	Preserved
S08-linear-linear-rgb	linear/linear-rgb	color_p95	0.0021712732057760286	0.0021712833185416982	0.000001	0.0021722833185416983	0	Preserved
S08-linear-linear-rgb	linear/linear-rgb	alpha_max	0.60000002384185791	0.60000002384185791	0.000001	0.60000102384185794	0	Preserved
S08-linear-linear-rgb	linear/linear-rgb	alpha_p95	0.0013355072627064812	0.0013355072627060371	0.000001	0.0013365072627060371	0	Preserved
S08-radial-linear-rgb	radial/linear-rgb	color_max	0.76602080531543837	0.76602080531543837	0.000001	0.7660218053154384	0	Preserved
S08-radial-linear-rgb	radial/linear-rgb	color_p95	0.002171283318541484	0.0021712833185416982	0.000001	0.0021722833185416983	0	Preserved
S08-radial-linear-rgb	radial/linear-rgb	alpha_max	0.60000002384185791	0.60000002384185791	0.000001	0.60000102384185794	0	Preserved
S08-radial-linear-rgb	radial/linear-rgb	alpha_p95	0.0013355072627064812	0.0013355072627060371	0.000001	0.0013365072627060371	0	Preserved
S09-linear-oklab	linear/oklab	color_max	0.0027691983825696822	0.0027691983825696822	0.000001	0.0027701983825696823	0	Preserved
S09-linear-oklab	linear/oklab	color_p95	0.0020155019824470693	0.0020155019824470693	0.000001	0.0020165019824470694	0	Preserved
S09-linear-oklab	linear/oklab	alpha_max	0.0019607843137250391	0.0019607843137254832	0.000001	0.0019617843137254834	0	Preserved
S09-linear-oklab	linear/oklab	alpha_p95	0.0015454874858596979	0.0015454874858596979	0.000001	0.0015464874858596978	0	Preserved
S09-radial-oklab	radial/oklab	color_max	0.0027691983825696822	0.0027691983825696822	0.000001	0.0027701983825696823	0	Preserved
S09-radial-oklab	radial/oklab	color_p95	0.0020155019824470693	0.0020155019824470693	0.000001	0.0020165019824470694	0	Preserved
S09-radial-oklab	radial/oklab	alpha_max	0.0019607843137250391	0.0019607843137254832	0.000001	0.0019617843137254834	0	Preserved
S09-radial-oklab	radial/oklab	alpha_p95	0.0015454874858596979	0.0015454874858596979	0.000001	0.0015464874858596978	0	Preserved
S09-linear-linear-rgb	linear/linear-rgb	color_max	0.0031028088935393648	0.0031028356868447733	0.000001	0.0031038356868447734	0	Preserved
S09-linear-linear-rgb	linear/linear-rgb	color_p95	0.0023489441651788527	0.0023489708866665472	0.000001	0.0023499708866665473	0	Preserved
S09-linear-linear-rgb	linear/linear-rgb	alpha_max	0.0019607843137250391	0.0019607843137254832	0.000001	0.0019617843137254834	0	Preserved
S09-linear-linear-rgb	linear/linear-rgb	alpha_p95	0.0015454874858596979	0.0015454874858596979	0.000001	0.0015464874858596978	0	Preserved
S09-radial-linear-rgb	radial/linear-rgb	color_max	0.0031028356868447733	0.0031028356868447733	0.000001	0.0031038356868447734	0	Preserved
S09-radial-linear-rgb	radial/linear-rgb	color_p95	0.0023489708866665472	0.0023489708866665472	0.000001	0.0023499708866665473	0	Preserved
S09-radial-linear-rgb	radial/linear-rgb	alpha_max	0.0019607843137250391	0.0019607843137254832	0.000001	0.0019617843137254834	0	Preserved
S09-radial-linear-rgb	radial/linear-rgb	alpha_p95	0.0015454874858596979	0.0015454874858596979	0.000001	0.0015464874858596978	0	Preserved
S10-linear-oklab	linear/oklab	color_max	0.0064032900984514491	0.0064032900984514543	0.000001	0.0064042900984514544	0	Preserved
S10-linear-oklab	linear/oklab	color_p95	0.0021742212693586075	0.0021742212693586596	0.000001	0.0021752212693586597	0	Preserved
S10-linear-oklab	linear/oklab	alpha_max	0.0017647163504186398	0.0017647163504186814	0.000001	0.0017657163504186813	0	Preserved
S10-linear-oklab	linear/oklab	alpha_p95	0.0017647154190960634	0.0017647154190961051	0.000001	0.001765715419096105	0	Preserved
S10-radial-oklab	radial/oklab	color_max	0.0064032900984514491	0.0064032900984514543	0.000001	0.0064042900984514544	0	Preserved
S10-radial-oklab	radial/oklab	color_p95	0.0021742212693586075	0.0021742212693586596	0.000001	0.0021752212693586597	0	Preserved
S10-radial-oklab	radial/oklab	alpha_max	0.0017647163504186398	0.0017647163504186814	0.000001	0.0017657163504186813	0	Preserved
S10-radial-oklab	radial/oklab	alpha_p95	0.0017647154190960634	0.0017647154190961051	0.000001	0.001765715419096105	0	Preserved
S10-linear-linear-rgb	linear/linear-rgb	color_max	0.0064032907347793509	0.0064032907347793561	0.000001	0.0064042907347793563	0	Preserved
S10-linear-linear-rgb	linear/linear-rgb	color_p95	0.0022222948197165525	0.0022222948847764787	0.000001	0.0022232948847764789	0	Preserved
S10-linear-linear-rgb	linear/linear-rgb	alpha_max	0.0017647154190960652	0.0017647163504186814	0.000001	0.0017657163504186813	0	Preserved
S10-linear-linear-rgb	linear/linear-rgb	alpha_p95	0.0017647154190960634	0.0017647154190961051	0.000001	0.001765715419096105	0	Preserved
S10-radial-linear-rgb	radial/linear-rgb	color_max	0.0064032907347793509	0.0064032907347793561	0.000001	0.0064042907347793563	0	Preserved
S10-radial-linear-rgb	radial/linear-rgb	color_p95	0.0022222948847764258	0.0022222948847764787	0.000001	0.0022232948847764789	0	Preserved
S10-radial-linear-rgb	radial/linear-rgb	alpha_max	0.0017647163504186398	0.0017647163504186814	0.000001	0.0017657163504186813	0	Preserved
S10-radial-linear-rgb	radial/linear-rgb	alpha_p95	0.0017647154190960634	0.0017647154190961051	0.000001	0.001765715419096105	0	Preserved
S11-linear-oklab	linear/oklab	color_max	0.017214349542555497	0.017214349542555466	0.000001	0.017215349542555467	0	Preserved
S11-linear-oklab	linear/oklab	color_p95	0.0037207402554255854	0.0037207402554254978	0.000001	0.0037217402554254979	0	Preserved
S11-linear-oklab	linear/oklab	alpha_max	0.0017647154190962855	0.0017647154190961745	0.000001	0.0017657154190961744	0	Preserved
S11-linear-oklab	linear/oklab	alpha_p95	0.0017647154190962855	0.0017647154190960634	0.000001	0.0017657154190960634	0	Preserved
S11-radial-oklab	radial/oklab	color_max	0.017214349542555497	0.017214349542555466	0.000001	0.017215349542555467	0	Preserved
S11-radial-oklab	radial/oklab	color_p95	0.0037207402554255854	0.0037207402554254978	0.000001	0.0037217402554254979	0	Preserved
S11-radial-oklab	radial/oklab	alpha_max	0.0017647154190962855	0.0017647154190961745	0.000001	0.0017657154190961744	0	Preserved
S11-radial-oklab	radial/oklab	alpha_p95	0.0017647154190962855	0.0017647154190960634	0.000001	0.0017657154190960634	0	Preserved
S11-linear-linear-rgb	linear/linear-rgb	color_max	0.02093912278135851	0.02093912278135851	0.000001	0.020940122781358511	0	Preserved
S11-linear-linear-rgb	linear/linear-rgb	color_p95	0.0038262499449442915	0.0038336261058527347	0.000001	0.0038346261058527348	0	Preserved
S11-linear-linear-rgb	linear/linear-rgb	alpha_max	0.0017647154190962855	0.0017647154190961745	0.000001	0.0017657154190961744	0	Preserved
S11-linear-linear-rgb	linear/linear-rgb	alpha_p95	0.0017647154190962855	0.0017647154190960634	0.000001	0.0017657154190960634	0	Preserved
S11-radial-linear-rgb	radial/linear-rgb	color_max	0.02093912278135851	0.02093912278135851	0.000001	0.020940122781358511	0	Preserved
S11-radial-linear-rgb	radial/linear-rgb	color_p95	0.0038262499449442915	0.0038336261058527347	0.000001	0.0038346261058527348	0	Preserved
S11-radial-linear-rgb	radial/linear-rgb	alpha_max	0.0017647154190962855	0.0017647154190961745	0.000001	0.0017657154190961744	0	Preserved
S11-radial-linear-rgb	radial/linear-rgb	alpha_p95	0.0017647154190962855	0.0017647154190960634	0.000001	0.0017657154190960634	0	Preserved
S12-linear-oklab	linear/oklab	color_max	0.0033852463928962526	0.0033852463928963701	0.000001	0.0033862463928963703	0	Preserved
S12-linear-oklab	linear/oklab	color_p95	0.0023682052562963656	0.0023682052562965681	0.000001	0.0023692052562965683	0	Preserved
S12-linear-oklab	linear/oklab	alpha_max	0.0035518652040523735	0.0035518652040521514	0.000001	0.0035528652040521516	0	Preserved
S12-linear-oklab	linear/oklab	alpha_p95	0.0018513116642717709	0.0018513116642719929	0.000001	0.0018523116642719928	0	Preserved
S12-radial-oklab	radial/oklab	color_max	0.0033852463928962526	0.0033852463928963701	0.000001	0.0033862463928963703	0	Preserved
S12-radial-oklab	radial/oklab	color_p95	0.0023682052562963656	0.0023682052562965681	0.000001	0.0023692052562965683	0	Preserved
S12-radial-oklab	radial/oklab	alpha_max	0.0035518652040523735	0.0035518652040521514	0.000001	0.0035528652040521516	0	Preserved
S12-radial-oklab	radial/oklab	alpha_p95	0.0018513116642717709	0.0018513116642719929	0.000001	0.0018523116642719928	0	Preserved
S12-linear-linear-rgb	linear/linear-rgb	color_max	0.0050401714271817626	0.0050401885561156363	0.000001	0.0050411885561156364	0	Preserved
S12-linear-linear-rgb	linear/linear-rgb	color_p95	0.0019126399029575991	0.0019126399029575237	0.000001	0.0019136399029575236	0	Preserved
S12-linear-linear-rgb	linear/linear-rgb	alpha_max	0.0035211247016923575	0.0035211545040145231	0.000001	0.0035221545040145233	0	Preserved
S12-linear-linear-rgb	linear/linear-rgb	alpha_p95	0.0017491860504457724	0.0017491860504458834	0.000001	0.0017501860504458833	0	Preserved
S12-radial-linear-rgb	radial/linear-rgb	color_max	0.0050401885561156034	0.0050401885561156363	0.000001	0.0050411885561156364	0	Preserved
S12-radial-linear-rgb	radial/linear-rgb	color_p95	0.0019126399029575991	0.0019126399029575237	0.000001	0.0019136399029575236	0	Preserved
S12-radial-linear-rgb	radial/linear-rgb	alpha_max	0.0035211545040147452	0.0035211545040145231	0.000001	0.0035221545040145233	0	Preserved
S12-radial-linear-rgb	radial/linear-rgb	alpha_p95	0.0017491860504457724	0.0017491860504458834	0.000001	0.0017501860504458833	0	Preserved
S13-linear-oklab	linear/oklab	color_max	1.7320508075688772	1.7320508075688772	0.000001	1.7320518075688771	0	Preserved
S13-linear-oklab	linear/oklab	color_p95	0.0001074761874463235	0.0001074761874463235	0.000001	0.0001084761874463235	0	Preserved
S13-linear-oklab	linear/oklab	alpha_max	0	0	0.000001	9.9999999999999995e-07	0	Preserved
S13-linear-oklab	linear/oklab	alpha_p95	0	0	0.000001	9.9999999999999995e-07	0	Preserved
S13-radial-oklab	radial/oklab	color_max	1.7320508075688772	1.7320508075688772	0.000001	1.7320518075688771	0	Preserved
S13-radial-oklab	radial/oklab	color_p95	0.0001074761874463235	0.0001074761874463235	0.000001	0.0001084761874463235	0	Preserved
S13-radial-oklab	radial/oklab	alpha_max	0	0	0.000001	9.9999999999999995e-07	0	Preserved
S13-radial-oklab	radial/oklab	alpha_p95	0	0	0.000001	9.9999999999999995e-07	0	Preserved
S13-linear-linear-rgb	linear/linear-rgb	color_max	1.7320508075688772	1.7320508075688772	0.000001	1.7320518075688771	0	Preserved
S13-linear-linear-rgb	linear/linear-rgb	color_p95	1.9229626863835638e-16	0	0.000001	9.9999999999999995e-07	0	Preserved
S13-linear-linear-rgb	linear/linear-rgb	alpha_max	0	0	0.000001	9.9999999999999995e-07	0	Preserved
S13-linear-linear-rgb	linear/linear-rgb	alpha_p95	0	0	0.000001	9.9999999999999995e-07	0	Preserved
S13-radial-linear-rgb	radial/linear-rgb	color_max	1.7320508075688772	1.7320508075688772	0.000001	1.7320518075688771	0	Preserved
S13-radial-linear-rgb	radial/linear-rgb	color_p95	1.9229626863835638e-16	0	0.000001	9.9999999999999995e-07	0	Preserved
S13-radial-linear-rgb	radial/linear-rgb	alpha_max	0	0	0.000001	9.9999999999999995e-07	0	Preserved
S13-radial-linear-rgb	radial/linear-rgb	alpha_p95	0	0	0.000001	9.9999999999999995e-07	0	Preserved
S14-linear-oklab	linear/oklab	color_max	4.9674437001758129e-07	4.9674437001758129e-07	0.000001	1.4967443700175812e-06	0	Preserved
S14-linear-oklab	linear/oklab	color_p95	4.9674437001622138e-07	4.9674437001622138e-07	0.000001	1.4967443700162213e-06	0	Preserved
S14-linear-oklab	linear/oklab	alpha_max	2.3841857987871862e-08	2.3841857987871862e-08	0.000001	1.0238418579878718e-06	0	Preserved
S14-linear-oklab	linear/oklab	alpha_p95	2.384185793236071e-08	2.384185793236071e-08	0.000001	1.0238418579323607e-06	0	Preserved
S14-radial-oklab	radial/oklab	color_max	4.9674437001758129e-07	4.9674437001758129e-07	0.000001	1.4967443700175812e-06	0	Preserved
S14-radial-oklab	radial/oklab	color_p95	4.9674437001622138e-07	4.9674437001622138e-07	0.000001	1.4967443700162213e-06	0	Preserved
S14-radial-oklab	radial/oklab	alpha_max	2.3841857987871862e-08	2.3841857987871862e-08	0.000001	1.0238418579878718e-06	0	Preserved
S14-radial-oklab	radial/oklab	alpha_p95	2.384185793236071e-08	2.384185793236071e-08	0.000001	1.0238418579323607e-06	0	Preserved
S14-linear-linear-rgb	linear/linear-rgb	color_max	4.0290060173026781e-07	4.0290060173026781e-07	0.000001	1.4029006017302679e-06	0	Preserved
S14-linear-linear-rgb	linear/linear-rgb	color_p95	4.0290060172597261e-07	4.0290060172597261e-07	0.000001	1.4029006017259726e-06	0	Preserved
S14-linear-linear-rgb	linear/linear-rgb	alpha_max	2.3841857987871862e-08	2.3841857987871862e-08	0.000001	1.0238418579878718e-06	0	Preserved
S14-linear-linear-rgb	linear/linear-rgb	alpha_p95	2.384185793236071e-08	2.384185793236071e-08	0.000001	1.0238418579323607e-06	0	Preserved
S14-radial-linear-rgb	radial/linear-rgb	color_max	4.0290060173026781e-07	4.0290060173026781e-07	0.000001	1.4029006017302679e-06	0	Preserved
S14-radial-linear-rgb	radial/linear-rgb	color_p95	4.0290060172597261e-07	4.0290060172597261e-07	0.000001	1.4029006017259726e-06	0	Preserved
S14-radial-linear-rgb	radial/linear-rgb	alpha_max	2.3841857987871862e-08	2.3841857987871862e-08	0.000001	1.0238418579878718e-06	0	Preserved
S14-radial-linear-rgb	radial/linear-rgb	alpha_p95	2.384185793236071e-08	2.384185793236071e-08	0.000001	1.0238418579323607e-06	0	Preserved
S15-linear-oklab	linear/oklab	color_max	1.0901770441675662	1.0901770441675662	0.000001	1.0901780441675661	0	Preserved
S15-linear-oklab	linear/oklab	color_p95	0.0022428574936307526	0.0022428574936312865	0.000001	0.0022438574936312866	0	Preserved
S15-linear-oklab	linear/oklab	alpha_max	0.792156862745098	0.792156862745098	0.000001	0.79215786274509803	0	Preserved
S15-linear-oklab	linear/oklab	alpha_p95	0.0019607962346539498	0.0019607962346544494	0.000001	0.0019617962346544495	0	Preserved
S15-radial-oklab	radial/oklab	color_max	1.0901770441675662	1.0901770441675662	0.000001	1.0901780441675661	0	Preserved
S15-radial-oklab	radial/oklab	color_p95	0.0022428574936307526	0.0022428574936312865	0.000001	0.0022438574936312866	0	Preserved
S15-radial-oklab	radial/oklab	alpha_max	0.792156862745098	0.792156862745098	0.000001	0.79215786274509803	0	Preserved
S15-radial-oklab	radial/oklab	alpha_p95	0.0019607962346539498	0.0019607962346544494	0.000001	0.0019617962346544495	0	Preserved
S15-linear-linear-rgb	linear/linear-rgb	color_max	1.1107325147440297	1.1107325147440297	0.000001	1.1107335147440296	0	Preserved
S15-linear-linear-rgb	linear/linear-rgb	color_p95	0.002368974873785418	0.0023689701724914883	0.000001	0.0023699701724914884	0	Preserved
S15-linear-linear-rgb	linear/linear-rgb	alpha_max	0.792156862745098	0.792156862745098	0.000001	0.79215786274509803	0	Preserved
S15-linear-linear-rgb	linear/linear-rgb	alpha_p95	0.0019607962346539498	0.0019607962346544494	0.000001	0.0019617962346544495	0	Preserved
S15-radial-linear-rgb	radial/linear-rgb	color_max	1.1107325147440297	1.1107325147440297	0.000001	1.1107335147440296	0	Preserved
S15-radial-linear-rgb	radial/linear-rgb	color_p95	0.002368974873785418	0.0023689701724914883	0.000001	0.0023699701724914884	0	Preserved
S15-radial-linear-rgb	radial/linear-rgb	alpha_max	0.792156862745098	0.792156862745098	0.000001	0.79215786274509803	0	Preserved
S15-radial-linear-rgb	radial/linear-rgb	alpha_p95	0.0019607962346539498	0.0019607962346544494	0.000001	0.0019617962346544495	0	Preserved
S16-linear-oklab	linear/oklab	color_max	0.64367493823240041	0.64367493823240041	0.000001	0.64367593823240044	0	Preserved
S16-linear-oklab	linear/oklab	color_p95	0.0024021760895995645	0.0024045084210664947	0.000001	0.0024055084210664948	0	Preserved
S16-linear-oklab	linear/oklab	alpha_max	0	0	0.000001	9.9999999999999995e-07	0	Preserved
S16-linear-oklab	linear/oklab	alpha_p95	0	0	0.000001	9.9999999999999995e-07	0	Preserved
S16-radial-oklab	radial/oklab	color_max	0.64367493823240041	0.64367493823240041	0.000001	0.64367593823240044	0	Preserved
S16-radial-oklab	radial/oklab	color_p95	0.0024021760895995645	0.0024045084210664947	0.000001	0.0024055084210664948	0	Preserved
S16-radial-oklab	radial/oklab	alpha_max	0	0	0.000001	9.9999999999999995e-07	0	Preserved
S16-radial-oklab	radial/oklab	alpha_p95	0	0	0.000001	9.9999999999999995e-07	0	Preserved
S16-linear-linear-rgb	linear/linear-rgb	color_max	0.64367500659355514	0.64367500659355514	0.000001	0.64367600659355517	0	Preserved
S16-linear-linear-rgb	linear/linear-rgb	color_p95	0.0024910676558485231	0.002491069229077084	0.000001	0.0024920692290770841	0	Preserved
S16-linear-linear-rgb	linear/linear-rgb	alpha_max	0	0	0.000001	9.9999999999999995e-07	0	Preserved
S16-linear-linear-rgb	linear/linear-rgb	alpha_p95	0	0	0.000001	9.9999999999999995e-07	0	Preserved
S16-radial-linear-rgb	radial/linear-rgb	color_max	0.64367500659355514	0.64367500659355514	0.000001	0.64367600659355517	0	Preserved
S16-radial-linear-rgb	radial/linear-rgb	color_p95	0.002491069229077084	0.002491069229077084	0.000001	0.0024920692290770841	0	Preserved
S16-radial-linear-rgb	radial/linear-rgb	alpha_max	0	0	0.000001	9.9999999999999995e-07	0	Preserved
S16-radial-linear-rgb	radial/linear-rgb	alpha_p95	0	0	0.000001	9.9999999999999995e-07	0	Preserved
S17-linear-oklab	linear/oklab	color_max	0.0025793810305025969	0.002579381030502678	0.000001	0.0025803810305026782	0	Preserved
S17-linear-oklab	linear/oklab	color_p95	0.0023707824091245781	0.002370782409124693	0.000001	0.0023717824091246931	0	Preserved
S17-linear-oklab	linear/oklab	alpha_max	0.0021942891368645911	0.0021942891368650352	0.000001	0.0021952891368650354	0	Preserved
S17-linear-oklab	linear/oklab	alpha_p95	0.0014498345786839728	0.0014498345786840838	0.000001	0.0014508345786840837	0	Preserved
S17-radial-oklab	radial/oklab	color_max	0.0025793810305025969	0.002579381030502678	0.000001	0.0025803810305026782	0	Preserved
S17-radial-oklab	radial/oklab	color_p95	0.0023707824091245781	0.002370782409124693	0.000001	0.0023717824091246931	0	Preserved
S17-radial-oklab	radial/oklab	alpha_max	0.0021942891368645911	0.0021942891368650352	0.000001	0.0021952891368650354	0	Preserved
S17-radial-oklab	radial/oklab	alpha_p95	0.0014498345786839728	0.0014498345786840838	0.000001	0.0014508345786840837	0	Preserved
S17-linear-linear-rgb	linear/linear-rgb	color_max	0.0024046220262844854	0.0024046169985278152	0.000001	0.0024056169985278153	0	Preserved
S17-linear-linear-rgb	linear/linear-rgb	color_p95	0.0015090801877665479	0.0015090801877665251	0.000001	0.001510080187766525	0	Preserved
S17-linear-linear-rgb	linear/linear-rgb	alpha_max	0.0021942891368645911	0.0021942891368650352	0.000001	0.0021952891368650354	0	Preserved
S17-linear-linear-rgb	linear/linear-rgb	alpha_p95	0.0014305407952244775	0.0014305407952245885	0.000001	0.0014315407952245885	0	Preserved
S17-radial-linear-rgb	radial/linear-rgb	color_max	0.0024046169985275875	0.0024046169985278152	0.000001	0.0024056169985278153	0	Preserved
S17-radial-linear-rgb	radial/linear-rgb	color_p95	0.0015090801877665479	0.0015090801877665251	0.000001	0.001510080187766525	0	Preserved
S17-radial-linear-rgb	radial/linear-rgb	alpha_max	0.0021942891368645911	0.0021942891368650352	0.000001	0.0021952891368650354	0	Preserved
S17-radial-linear-rgb	radial/linear-rgb	alpha_p95	0.0014305407952244775	0.0014305407952245885	0.000001	0.0014315407952245885	0	Preserved
S18-linear-oklab	linear/oklab	color_max	0.52902121395049995	0.52902131868991076	0.000001	0.52902231868991079	0	Preserved
S18-linear-oklab	linear/oklab	color_p95	0.0018864218965519769	0.0018863453795455968	0.000001	0.0018873453795455967	0	Preserved
S18-linear-oklab	linear/oklab	alpha_max	0.5386340487237069	0.53863391461325627	0.000001	0.5386349146132563	0	Preserved
S18-linear-oklab	linear/oklab	alpha_p95	0.0014839229630488893	0.0014838335560817262	0.000001	0.0014848335560817261	0	Preserved
S18-radial-oklab	radial/oklab	color_max	0.52902121395049995	0.52902131868991076	0.000001	0.52902231868991079	0	Preserved
S18-radial-oklab	radial/oklab	color_p95	0.0018864218965519769	0.0018863453795455968	0.000001	0.0018873453795455967	0	Preserved
S18-radial-oklab	radial/oklab	alpha_max	0.5386340487237069	0.53863391461325627	0.000001	0.5386349146132563	0	Preserved
S18-radial-oklab	radial/oklab	alpha_p95	0.0014839229630488893	0.0014838335560817262	0.000001	0.0014848335560817261	0	Preserved
S18-linear-linear-rgb	linear/linear-rgb	color_max	0.49741488064098249	0.49741477982153126	0.000001	0.49741577982153123	0	Preserved
S18-linear-linear-rgb	linear/linear-rgb	color_p95	0.0021657582266207281	0.0021656674482528606	0.000001	0.0021666674482528608	0	Preserved
S18-linear-linear-rgb	linear/linear-rgb	alpha_max	0.5386340487237069	0.53863391461325627	0.000001	0.5386349146132563	0	Preserved
S18-linear-linear-rgb	linear/linear-rgb	alpha_p95	0.0014839229630488893	0.0014838335560817262	0.000001	0.0014848335560817261	0	Preserved
S18-radial-linear-rgb	radial/linear-rgb	color_max	0.49741488064098249	0.49741477982153126	0.000001	0.49741577982153123	0	Preserved
S18-radial-linear-rgb	radial/linear-rgb	color_p95	0.0021657582266207281	0.0021656674482528606	0.000001	0.0021666674482528608	0	Preserved
S18-radial-linear-rgb	radial/linear-rgb	alpha_max	0.5386340487237069	0.53863391461325627	0.000001	0.5386349146132563	0	Preserved
S18-radial-linear-rgb	radial/linear-rgb	alpha_p95	0.0014839229630488893	0.0014838335560817262	0.000001	0.0014848335560817261	0	Preserved
S19-linear-oklab	linear/oklab	color_max	0.0028820180430856267	0.0028820180430856267	0.000001	0.0028830180430856269	0	Preserved
S19-linear-oklab	linear/oklab	color_p95	0.0027180626059582062	0.0027180626059582062	0.000001	0.0027190626059582063	0	Preserved
S19-linear-oklab	linear/oklab	alpha_max	0	0	0.000001	9.9999999999999995e-07	0	Preserved
S19-linear-oklab	linear/oklab	alpha_p95	0	0	0.000001	9.9999999999999995e-07	0	Preserved
S19-radial-oklab	radial/oklab	color_max	0.0028820180430856267	0.0028820180430856267	0.000001	0.0028830180430856269	0	Preserved
S19-radial-oklab	radial/oklab	color_p95	0.0027180626059582062	0.0027180626059582062	0.000001	0.0027190626059582063	0	Preserved
S19-radial-oklab	radial/oklab	alpha_max	0	0	0.000001	9.9999999999999995e-07	0	Preserved
S19-radial-oklab	radial/oklab	alpha_p95	0	0	0.000001	9.9999999999999995e-07	0	Preserved
S19-linear-linear-rgb	linear/linear-rgb	color_max	0.0029867801719644276	0.0029868053342224604	0.000001	0.0029878053342224605	0	Preserved
S19-linear-linear-rgb	linear/linear-rgb	color_p95	0.0025623337630611967	0.0025623337630611967	0.000001	0.0025633337630611968	0	Preserved
S19-linear-linear-rgb	linear/linear-rgb	alpha_max	0	0	0.000001	9.9999999999999995e-07	0	Preserved
S19-linear-linear-rgb	linear/linear-rgb	alpha_p95	0	0	0.000001	9.9999999999999995e-07	0	Preserved
S19-radial-linear-rgb	radial/linear-rgb	color_max	0.0029868053342224604	0.0029868053342224604	0.000001	0.0029878053342224605	0	Preserved
S19-radial-linear-rgb	radial/linear-rgb	color_p95	0.0025623337630611967	0.0025623337630611967	0.000001	0.0025633337630611968	0	Preserved
S19-radial-linear-rgb	radial/linear-rgb	alpha_max	0	0	0.000001	9.9999999999999995e-07	0	Preserved
S19-radial-linear-rgb	radial/linear-rgb	alpha_p95	0	0	0.000001	9.9999999999999995e-07	0	Preserved
S20-linear-oklab	linear/oklab	color_max	0.015431591784768611	0.015431591784768611	0.000001	0.01543259178476861	0	Preserved
S20-linear-oklab	linear/oklab	color_p95	0.0023553616446743775	0.0023553616446743775	0.000001	0.0023563616446743776	0	Preserved
S20-linear-oklab	linear/oklab	alpha_max	0.0018600916601273498	0.0018600916601277939	0.000001	0.0018610916601277938	0	Preserved
S20-linear-oklab	linear/oklab	alpha_p95	0.001527333439385381	0.001527333439385381	0.000001	0.0015283334393853809	0	Preserved
S20-radial-oklab	radial/oklab	color_max	0.015431591784768611	0.015431591784768611	0.000001	0.01543259178476861	0	Preserved
S20-radial-oklab	radial/oklab	color_p95	0.0023553616446743775	0.0023553616446743775	0.000001	0.0023563616446743776	0	Preserved
S20-radial-oklab	radial/oklab	alpha_max	0.0018600916601273498	0.0018600916601277939	0.000001	0.0018610916601277938	0	Preserved
S20-radial-oklab	radial/oklab	alpha_p95	0.001527333439385381	0.001527333439385381	0.000001	0.0015283334393853809	0	Preserved
S20-linear-linear-rgb	linear/linear-rgb	color_max	0.019767873529966107	0.019767873529966107	0.000001	0.019768873529966108	0	Preserved
S20-linear-linear-rgb	linear/linear-rgb	color_p95	0.002499462972702985	0.0024994526885904287	0.000001	0.0025004526885904288	0	Preserved
S20-linear-linear-rgb	linear/linear-rgb	alpha_max	0.0018600916601273498	0.0018600916601277939	0.000001	0.0018610916601277938	0	Preserved
S20-linear-linear-rgb	linear/linear-rgb	alpha_p95	0.001527333439385381	0.001527333439385381	0.000001	0.0015283334393853809	0	Preserved
S20-radial-linear-rgb	radial/linear-rgb	color_max	0.019767873529966107	0.019767873529966107	0.000001	0.019768873529966108	0	Preserved
S20-radial-linear-rgb	radial/linear-rgb	color_p95	0.0024994526885904287	0.0024994526885904287	0.000001	0.0025004526885904288	0	Preserved
S20-radial-linear-rgb	radial/linear-rgb	alpha_max	0.0018600916601273498	0.0018600916601277939	0.000001	0.0018610916601277938	0	Preserved
S20-radial-linear-rgb	radial/linear-rgb	alpha_p95	0.001527333439385381	0.001527333439385381	0.000001	0.0015283334393853809	0	Preserved
S21-linear-oklab	linear/oklab	color_max	1.001929009688044	1.001929009688044	0.000001	1.0019300096880439	0	Preserved
S21-linear-oklab	linear/oklab	color_p95	0.00048489781676133519	0.00048489584447742814	0.000001	0.00048589584447742817	0	Preserved
S21-linear-oklab	linear/oklab	alpha_max	0.66666666666666696	0.66666666666666674	0.000001	0.66666766666666677	0	Preserved
S21-linear-oklab	linear/oklab	alpha_p95	1.9868214573559584e-08	9.9341074810688212e-09	0.000001	1.0099341074810688e-06	0	Preserved
S21-radial-oklab	radial/oklab	color_max	1.001929009688044	1.001929009688044	0.000001	1.0019300096880439	0	Preserved
S21-radial-oklab	radial/oklab	color_p95	0.00048489781676133519	0.00048489584447742814	0.000001	0.00048589584447742817	0	Preserved
S21-radial-oklab	radial/oklab	alpha_max	0.66666666666666696	0.66666666666666674	0.000001	0.66666766666666677	0	Preserved
S21-radial-oklab	radial/oklab	alpha_p95	1.9868214573559584e-08	9.9341074810688212e-09	0.000001	1.0099341074810688e-06	0	Preserved
S21-linear-linear-rgb	linear/linear-rgb	color_max	0.97060825430685194	0.97060825430685194	0.000001	0.97060925430685197	0	Preserved
S21-linear-linear-rgb	linear/linear-rgb	color_p95	0.00025990942076150892	0.00025989829433318104	0.000001	0.00026089829433318106	0	Preserved
S21-linear-linear-rgb	linear/linear-rgb	alpha_max	0.66666666666666696	0.66666666666666674	0.000001	0.66666766666666677	0	Preserved
S21-linear-linear-rgb	linear/linear-rgb	alpha_p95	1.9868214573559584e-08	9.9341074810688212e-09	0.000001	1.0099341074810688e-06	0	Preserved
S21-radial-linear-rgb	radial/linear-rgb	color_max	0.97060825430685194	0.97060825430685194	0.000001	0.97060925430685197	0	Preserved
S21-radial-linear-rgb	radial/linear-rgb	color_p95	0.00025990942076152578	0.00025989829433318104	0.000001	0.00026089829433318106	0	Preserved
S21-radial-linear-rgb	radial/linear-rgb	alpha_max	0.66666666666666696	0.66666666666666674	0.000001	0.66666766666666677	0	Preserved
S21-radial-linear-rgb	radial/linear-rgb	alpha_p95	1.9868214573559584e-08	9.9341074810688212e-09	0.000001	1.0099341074810688e-06	0	Preserved
S22-linear-oklab	linear/oklab	color_max	1.3207304417340133	1.3207304417340133	0.000001	1.3207314417340132	0	Preserved
S22-linear-oklab	linear/oklab	color_p95	0.0025165253027913054	0.0025165253027913054	0.000001	0.0025175253027913055	0	Preserved
S22-linear-oklab	linear/oklab	alpha_max	0	0	0.000001	9.9999999999999995e-07	0	Preserved
S22-linear-oklab	linear/oklab	alpha_p95	0	0	0.000001	9.9999999999999995e-07	0	Preserved
S22-radial-oklab	radial/oklab	color_max	1.3207304417340133	1.3207304417340133	0.000001	1.3207314417340132	0	Preserved
S22-radial-oklab	radial/oklab	color_p95	0.0025165253027913054	0.0025165253027913054	0.000001	0.0025175253027913055	0	Preserved
S22-radial-oklab	radial/oklab	alpha_max	0	0	0.000001	9.9999999999999995e-07	0	Preserved
S22-radial-oklab	radial/oklab	alpha_p95	0	0	0.000001	9.9999999999999995e-07	0	Preserved
S22-linear-linear-rgb	linear/linear-rgb	color_max	1.3207304890222169	1.3207304890222169	0.000001	1.3207314890222168	0	Preserved
S22-linear-linear-rgb	linear/linear-rgb	color_p95	0.0027317269862649571	0.0027317269862649571	0.000001	0.0027327269862649573	0	Preserved
S22-linear-linear-rgb	linear/linear-rgb	alpha_max	0	0	0.000001	9.9999999999999995e-07	0	Preserved
S22-linear-linear-rgb	linear/linear-rgb	alpha_p95	0	0	0.000001	9.9999999999999995e-07	0	Preserved
S22-radial-linear-rgb	radial/linear-rgb	color_max	1.3207304890222169	1.3207304890222169	0.000001	1.3207314890222168	0	Preserved
S22-radial-linear-rgb	radial/linear-rgb	color_p95	0.0027317269862649571	0.0027317269862649571	0.000001	0.0027327269862649573	0	Preserved
S22-radial-linear-rgb	radial/linear-rgb	alpha_max	0	0	0.000001	9.9999999999999995e-07	0	Preserved
S22-radial-linear-rgb	radial/linear-rgb	alpha_p95	0	0	0.000001	9.9999999999999995e-07	0	Preserved
S23-linear-oklab	linear/oklab	color_max	0.010481091696063732	0.01048109169606375	0.000001	0.010482091696063749	0	Preserved
S23-linear-oklab	linear/oklab	color_p95	0.0022415986856104114	0.0022415986856104612	0.000001	0.0022425986856104614	0	Preserved
S23-linear-oklab	linear/oklab	alpha_max	0.0017647163504186398	0.0017647163504186814	0.000001	0.0017657163504186813	0	Preserved
S23-linear-oklab	linear/oklab	alpha_p95	0.0017647154190960634	0.0017647154190961051	0.000001	0.001765715419096105	0	Preserved
S23-radial-oklab	radial/oklab	color_max	0.010481091696063732	0.01048109169606375	0.000001	0.010482091696063749	0	Preserved
S23-radial-oklab	radial/oklab	color_p95	0.0022415986856104114	0.0022415986856104612	0.000001	0.0022425986856104614	0	Preserved
S23-radial-oklab	radial/oklab	alpha_max	0.0017647163504186398	0.0017647163504186814	0.000001	0.0017657163504186813	0	Preserved
S23-radial-oklab	radial/oklab	alpha_p95	0.0017647154190960634	0.0017647154190961051	0.000001	0.001765715419096105	0	Preserved
S23-linear-linear-rgb	linear/linear-rgb	color_max	0.01048109047860186	0.010481090478601877	0.000001	0.010482090478601876	0	Preserved
S23-linear-linear-rgb	linear/linear-rgb	color_p95	0.0022737994966999567	0.002273799506753495	0.000001	0.0022747995067534952	0	Preserved
S23-linear-linear-rgb	linear/linear-rgb	alpha_max	0.0017647154190960652	0.0017647163504186814	0.000001	0.0017657163504186813	0	Preserved
S23-linear-linear-rgb	linear/linear-rgb	alpha_p95	0.0017647154190960634	0.0017647154190961051	0.000001	0.001765715419096105	0	Preserved
S23-radial-linear-rgb	radial/linear-rgb	color_max	0.01048109047860186	0.010481090478601877	0.000001	0.010482090478601876	0	Preserved
S23-radial-linear-rgb	radial/linear-rgb	color_p95	0.0022737995067534386	0.002273799506753495	0.000001	0.0022747995067534952	0	Preserved
S23-radial-linear-rgb	radial/linear-rgb	alpha_max	0.0017647163504186398	0.0017647163504186814	0.000001	0.0017657163504186813	0	Preserved
S23-radial-linear-rgb	radial/linear-rgb	alpha_p95	0.0017647154190960634	0.0017647154190961051	0.000001	0.001765715419096105	0	Preserved
S24-linear-oklab	linear/oklab	color_max	0.30442523328000071	0.30442509049424016	0.000001	0.30442609049424013	0	Preserved
S24-linear-oklab	linear/oklab	color_p95	0.0017643075435550279	0.0017643068792898471	0.000001	0.001765306879289847	0	Preserved
S24-linear-oklab	linear/oklab	alpha_max	0.24324329495429992	0.24324326515197753	0.000001	0.24324426515197753	0	Preserved
S24-linear-oklab	linear/oklab	alpha_p95	0.0013895420467154862	0.0013895420467152642	0.000001	0.0013905420467152641	0	Preserved
S24-radial-oklab	radial/oklab	color_max	0.30442523328000071	0.30442509049424016	0.000001	0.30442609049424013	0	Preserved
S24-radial-oklab	radial/oklab	color_p95	0.0017643075435550279	0.0017643068792898471	0.000001	0.001765306879289847	0	Preserved
S24-radial-oklab	radial/oklab	alpha_max	0.24324329495429992	0.24324326515197753	0.000001	0.24324426515197753	0	Preserved
S24-radial-oklab	radial/oklab	alpha_p95	0.0013895420467154862	0.0013895420467152642	0.000001	0.0013905420467152641	0	Preserved
S24-linear-linear-rgb	linear/linear-rgb	color_max	0.29354275206568714	0.29354267065463968	0.000001	0.29354367065463965	0	Preserved
S24-linear-linear-rgb	linear/linear-rgb	color_p95	0.0017189644123810695	0.001718975413588487	0.000001	0.0017199754135884869	0	Preserved
S24-linear-linear-rgb	linear/linear-rgb	alpha_max	0.24324329495429992	0.24324326515197753	0.000001	0.24324426515197753	0	Preserved
S24-linear-linear-rgb	linear/linear-rgb	alpha_p95	0.0013895420467154862	0.0013895420467152642	0.000001	0.0013905420467152641	0	Preserved
S24-radial-linear-rgb	radial/linear-rgb	color_max	0.29354275206568714	0.29354267065463968	0.000001	0.29354367065463965	0	Preserved
S24-radial-linear-rgb	radial/linear-rgb	color_p95	0.0017189644123810695	0.001718975413588487	0.000001	0.0017199754135884869	0	Preserved
S24-radial-linear-rgb	radial/linear-rgb	alpha_max	0.24324329495429992	0.24324326515197753	0.000001	0.24324426515197753	0	Preserved
S24-radial-linear-rgb	radial/linear-rgb	alpha_p95	0.0013895420467154862	0.0013895420467152642	0.000001	0.0013905420467152641	0	Preserved
